insert into books (id, pub_date, is_bestseller, slug, title, image, description, price, discount) values (1, '2015/04/11', 1, 'book-may-567', 'Late Phases', 'http://dummyimage.com/691x556.png/ff4444/ffffff', 'Quisque porta volutpat erat. Quisque erat eros, viverra eget, congue eget, semper rutrum, nulla. Nunc purus. Phasellus in felis. Donec semper sapien a libero. Nam dui. Proin leo odio, porttitor id, consequat in, consequat ut, nulla. Sed accumsan felis.', 1024, 0.4);
insert into books (id, pub_date, is_bestseller, slug, title, image, description, price, discount) values (2, '2013/07/30', 1, 'book-fri-461', 'Thoughtcrimes', 'http://dummyimage.com/745x741.png/dddddd/000000', 'Duis at velit eu est congue elementum. In hac habitasse platea dictumst. Morbi vestibulum, velit id pretium iaculis, diam erat fermentum justo, nec condimentum neque sapien placerat ante. Nulla justo. Aliquam quis turpis eget elit sodales scelerisque. Mauris sit amet eros. Suspendisse accumsan tortor quis turpis.', 1272, 0.26);
insert into books (id, pub_date, is_bestseller, slug, title, image, description, price, discount) values (3, '2020/03/31', 1, 'book-pzm-739', 'Blue Ruin', 'http://dummyimage.com/327x460.png/5fa2dd/ffffff', 'Ut at dolor quis odio consequat varius. Integer ac leo. Pellentesque ultrices mattis odio. Donec vitae nisi. Nam ultrices, libero non mattis pulvinar, nulla pede ullamcorper augue, a suscipit nulla elit ac nulla. Sed vel enim sit amet nunc viverra dapibus. Nulla suscipit ligula in lacus.', 2491, 0.24);
insert into books (id, pub_date, is_bestseller, slug, title, image, description, price, discount) values (4, '2015/03/15', 1, 'book-tmj-387', 'Life is a Miracle (Zivot je cudo)', 'http://dummyimage.com/282x410.png/dddddd/000000', 'Curabitur gravida nisi at nibh. In hac habitasse platea dictumst. Aliquam augue quam, sollicitudin vitae, consectetuer eget, rutrum at, lorem. Integer tincidunt ante vel ipsum. Praesent blandit lacinia erat. Vestibulum sed magna at nunc commodo placerat. Praesent blandit. Nam nulla.', 930, 0.32);
insert into books (id, pub_date, is_bestseller, slug, title, image, description, price, discount) values (5, '2016/06/10', 1, 'book-rwx-535', 'Viva Villa!', 'http://dummyimage.com/330x659.png/ff4444/ffffff', 'Vivamus in felis eu sapien cursus vestibulum. Proin eu mi. Nulla ac enim. In tempor, turpis nec euismod scelerisque, quam turpis adipiscing lorem, vitae mattis nibh ligula nec sem. Duis aliquam convallis nunc.', 412, 0.16);
insert into books (id, pub_date, is_bestseller, slug, title, image, description, price, discount) values (6, '2013/05/22', 1, 'book-ppu-726', 'The Little Matchgirl', 'http://dummyimage.com/373x232.png/dddddd/000000', 'Nullam molestie nibh in lectus. Pellentesque at nulla. Suspendisse potenti. Cras in purus eu magna vulputate luctus. Cum sociis natoque penatibus et magnis dis parturient montes, nascetur ridiculus mus. Vivamus vestibulum sagittis sapien. Cum sociis natoque penatibus et magnis dis parturient montes, nascetur ridiculus mus.', 413, 0.36);
insert into books (id, pub_date, is_bestseller, slug, title, image, description, price, discount) values (7, '2021/11/28', 0, 'book-cqq-582', 'Red Heat', 'http://dummyimage.com/344x284.png/dddddd/000000', 'Duis ac nibh. Fusce lacus purus, aliquet at, feugiat non, pretium quis, lectus. Suspendisse potenti. In eleifend quam a odio. In hac habitasse platea dictumst. Maecenas ut massa quis augue luctus tincidunt. Nulla mollis molestie lorem. Quisque ut erat.', 2338, 0.44);
insert into books (id, pub_date, is_bestseller, slug, title, image, description, price, discount) values (8, '2015/05/07', 0, 'book-stl-284', 'Baby Boom', 'http://dummyimage.com/430x588.png/cc0000/ffffff', 'Nulla mollis molestie lorem. Quisque ut erat. Curabitur gravida nisi at nibh. In hac habitasse platea dictumst. Aliquam augue quam, sollicitudin vitae, consectetuer eget, rutrum at, lorem. Integer tincidunt ante vel ipsum. Praesent blandit lacinia erat.', 480, 0.09);
insert into books (id, pub_date, is_bestseller, slug, title, image, description, price, discount) values (9, '2014/01/18', 0, 'book-kyx-356', 'They Call Us Misfits (Dom kallar oss mods)', 'http://dummyimage.com/222x271.png/cc0000/ffffff', 'Nulla nisl. Nunc nisl. Duis bibendum, felis sed interdum venenatis, turpis enim blandit mi, in porttitor pede justo eu massa. Donec dapibus. Duis at velit eu est congue elementum.', 1592, 0.46);
insert into books (id, pub_date, is_bestseller, slug, title, image, description, price, discount) values (10, '2022/07/01', 1, 'book-hrt-451', 'Show', 'http://dummyimage.com/256x280.png/dddddd/000000', 'Donec ut dolor. Morbi vel lectus in quam fringilla rhoncus. Mauris enim leo, rhoncus sed, vestibulum sit amet, cursus id, turpis. Integer aliquet, massa id lobortis convallis, tortor risus dapibus augue, vel accumsan tellus nisi eu orci. Mauris lacinia sapien quis libero. Nullam sit amet turpis elementum ligula vehicula consequat.', 1451, 0.37);
insert into books (id, pub_date, is_bestseller, slug, title, image, description, price, discount) values (11, '2011/07/30', 1, 'book-qjm-140', 'Jacknife', 'http://dummyimage.com/263x628.png/cc0000/ffffff', 'Donec posuere metus vitae ipsum. Aliquam non mauris. Morbi non lectus. Aliquam sit amet diam in magna bibendum imperdiet. Nullam orci pede, venenatis non, sodales sed, tincidunt eu, felis. Fusce posuere felis sed lacus. Morbi sem mauris, laoreet ut, rhoncus aliquet, pulvinar sed, nisl.', 572, 0.16);
insert into books (id, pub_date, is_bestseller, slug, title, image, description, price, discount) values (12, '2012/03/30', 1, 'book-chl-473', 'Roommates', 'http://dummyimage.com/497x585.png/ff4444/ffffff', 'Integer tincidunt ante vel ipsum. Praesent blandit lacinia erat. Vestibulum sed magna at nunc commodo placerat. Praesent blandit. Nam nulla.', 1630, 0.16);
insert into books (id, pub_date, is_bestseller, slug, title, image, description, price, discount) values (13, '2015/12/07', 1, 'book-ikf-376', 'Conspiracy', 'http://dummyimage.com/294x635.png/cc0000/ffffff', 'Duis ac nibh. Fusce lacus purus, aliquet at, feugiat non, pretium quis, lectus. Suspendisse potenti. In eleifend quam a odio. In hac habitasse platea dictumst.', 2249, 0.48);
insert into books (id, pub_date, is_bestseller, slug, title, image, description, price, discount) values (14, '2021/03/03', 1, 'book-blr-418', 'Forbidden', 'http://dummyimage.com/625x529.png/ff4444/ffffff', 'Morbi a ipsum. Integer a nibh. In quis justo. Maecenas rhoncus aliquam lacus. Morbi quis tortor id nulla ultrices aliquet. Maecenas leo odio, condimentum id, luctus nec, molestie sed, justo. Pellentesque viverra pede ac diam.', 1898, 0.07);
insert into books (id, pub_date, is_bestseller, slug, title, image, description, price, discount) values (15, '2017/07/01', 1, 'book-ixf-398', 'Boys Diving, Honolulu', 'http://dummyimage.com/490x307.png/dddddd/000000', 'Integer a nibh. In quis justo. Maecenas rhoncus aliquam lacus. Morbi quis tortor id nulla ultrices aliquet. Maecenas leo odio, condimentum id, luctus nec, molestie sed, justo. Pellentesque viverra pede ac diam. Cras pellentesque volutpat dui. Maecenas tristique, est et tempus semper, est quam pharetra magna, ac consequat metus sapien ut nunc.', 2204, 0.49);
insert into books (id, pub_date, is_bestseller, slug, title, image, description, price, discount) values (16, '2013/12/23', 0, 'book-ghv-004', 'Assault, The (L''assaut)', 'http://dummyimage.com/714x475.png/dddddd/000000', 'Quisque ut erat. Curabitur gravida nisi at nibh. In hac habitasse platea dictumst. Aliquam augue quam, sollicitudin vitae, consectetuer eget, rutrum at, lorem. Integer tincidunt ante vel ipsum. Praesent blandit lacinia erat. Vestibulum sed magna at nunc commodo placerat.', 974, 0.45);
insert into books (id, pub_date, is_bestseller, slug, title, image, description, price, discount) values (17, '2021/11/06', 0, 'book-chu-016', 'Changing Times (Les temps qui changent)', 'http://dummyimage.com/616x504.png/ff4444/ffffff', 'Aenean auctor gravida sem. Praesent id massa id nisl venenatis lacinia. Aenean sit amet justo. Morbi ut odio. Cras mi pede, malesuada in, imperdiet et, commodo vulputate, justo. In blandit ultrices enim.', 1291, 0.45);
insert into books (id, pub_date, is_bestseller, slug, title, image, description, price, discount) values (18, '2021/05/22', 1, 'book-zpn-926', 'Lady Eve, The', 'http://dummyimage.com/307x432.png/cc0000/ffffff', 'Phasellus in felis. Donec semper sapien a libero. Nam dui. Proin leo odio, porttitor id, consequat in, consequat ut, nulla. Sed accumsan felis.', 1181, 0.2);
insert into books (id, pub_date, is_bestseller, slug, title, image, description, price, discount) values (19, '2013/04/13', 0, 'book-dlv-303', 'Ariel', 'http://dummyimage.com/715x778.png/ff4444/ffffff', 'Nam ultrices, libero non mattis pulvinar, nulla pede ullamcorper augue, a suscipit nulla elit ac nulla. Sed vel enim sit amet nunc viverra dapibus. Nulla suscipit ligula in lacus. Curabitur at ipsum ac tellus semper interdum. Mauris ullamcorper purus sit amet nulla. Quisque arcu libero, rutrum ac, lobortis vel, dapibus at, diam.', 2303, 0.41);
insert into books (id, pub_date, is_bestseller, slug, title, image, description, price, discount) values (20, '2014/10/31', 1, 'book-sfr-377', 'Sweet Karma', 'http://dummyimage.com/528x643.png/cc0000/ffffff', 'Fusce posuere felis sed lacus. Morbi sem mauris, laoreet ut, rhoncus aliquet, pulvinar sed, nisl. Nunc rhoncus dui vel sem. Sed sagittis. Nam congue, risus semper porta volutpat, quam pede lobortis ligula, sit amet eleifend pede libero quis orci. Nullam molestie nibh in lectus. Pellentesque at nulla. Suspendisse potenti.', 628, 0.25);
insert into books (id, pub_date, is_bestseller, slug, title, image, description, price, discount) values (21, '2013/06/20', 1, 'book-ama-299', 'Carbon Nation', 'http://dummyimage.com/450x751.png/ff4444/ffffff', 'Nulla ac enim. In tempor, turpis nec euismod scelerisque, quam turpis adipiscing lorem, vitae mattis nibh ligula nec sem. Duis aliquam convallis nunc. Proin at turpis a pede posuere nonummy. Integer non velit.', 1392, 0.49);
insert into books (id, pub_date, is_bestseller, slug, title, image, description, price, discount) values (22, '2018/12/27', 0, 'book-vzn-338', 'Boca', 'http://dummyimage.com/785x644.png/cc0000/ffffff', 'Morbi odio odio, elementum eu, interdum eu, tincidunt in, leo. Maecenas pulvinar lobortis est. Phasellus sit amet erat. Nulla tempus. Vivamus in felis eu sapien cursus vestibulum. Proin eu mi.', 2042, 0.5);
insert into books (id, pub_date, is_bestseller, slug, title, image, description, price, discount) values (23, '2012/01/22', 1, 'book-dnj-326', 'Certified Copy (Copie conforme)', 'http://dummyimage.com/412x464.png/5fa2dd/ffffff', 'Nunc nisl. Duis bibendum, felis sed interdum venenatis, turpis enim blandit mi, in porttitor pede justo eu massa. Donec dapibus. Duis at velit eu est congue elementum. In hac habitasse platea dictumst.', 2238, 0.29);
insert into books (id, pub_date, is_bestseller, slug, title, image, description, price, discount) values (24, '2022/01/25', 0, 'book-qvd-899', 'Unstrung Heroes', 'http://dummyimage.com/249x590.png/5fa2dd/ffffff', 'Aenean auctor gravida sem. Praesent id massa id nisl venenatis lacinia. Aenean sit amet justo. Morbi ut odio. Cras mi pede, malesuada in, imperdiet et, commodo vulputate, justo. In blandit ultrices enim.', 1096, 0.1);
insert into books (id, pub_date, is_bestseller, slug, title, image, description, price, discount) values (25, '2020/10/26', 1, 'book-eax-368', 'What We Did on Our Holiday', 'http://dummyimage.com/584x346.png/ff4444/ffffff', 'Etiam vel augue. Vestibulum rutrum rutrum neque. Aenean auctor gravida sem. Praesent id massa id nisl venenatis lacinia. Aenean sit amet justo. Morbi ut odio. Cras mi pede, malesuada in, imperdiet et, commodo vulputate, justo.', 1879, 0.37);
insert into books (id, pub_date, is_bestseller, slug, title, image, description, price, discount) values (26, '2015/10/18', 1, 'book-fft-681', 'The Facts of Murder', 'http://dummyimage.com/695x424.png/dddddd/000000', 'Nullam sit amet turpis elementum ligula vehicula consequat. Morbi a ipsum. Integer a nibh. In quis justo. Maecenas rhoncus aliquam lacus. Morbi quis tortor id nulla ultrices aliquet. Maecenas leo odio, condimentum id, luctus nec, molestie sed, justo. Pellentesque viverra pede ac diam.', 1099, 0.15);
insert into books (id, pub_date, is_bestseller, slug, title, image, description, price, discount) values (27, '2015/06/30', 1, 'book-tzy-129', 'Burglar', 'http://dummyimage.com/563x239.png/5fa2dd/ffffff', 'Duis aliquam convallis nunc. Proin at turpis a pede posuere nonummy. Integer non velit. Donec diam neque, vestibulum eget, vulputate ut, ultrices vel, augue. Vestibulum ante ipsum primis in faucibus orci luctus et ultrices posuere cubilia Curae; Donec pharetra, magna vestibulum aliquet ultrices, erat tortor sollicitudin mi, sit amet lobortis sapien sapien non mi. Integer ac neque.', 2066, 0.44);
insert into books (id, pub_date, is_bestseller, slug, title, image, description, price, discount) values (28, '2016/03/08', 0, 'book-aeg-067', 'Inspector General, The', 'http://dummyimage.com/265x336.png/dddddd/000000', 'Praesent id massa id nisl venenatis lacinia. Aenean sit amet justo. Morbi ut odio. Cras mi pede, malesuada in, imperdiet et, commodo vulputate, justo. In blandit ultrices enim. Lorem ipsum dolor sit amet, consectetuer adipiscing elit. Proin interdum mauris non ligula pellentesque ultrices. Phasellus id sapien in sapien iaculis congue.', 1366, 0.39);
insert into books (id, pub_date, is_bestseller, slug, title, image, description, price, discount) values (29, '2018/08/15', 1, 'book-qui-482', 'Vacancy', 'http://dummyimage.com/285x352.png/cc0000/ffffff', 'Duis bibendum, felis sed interdum venenatis, turpis enim blandit mi, in porttitor pede justo eu massa. Donec dapibus. Duis at velit eu est congue elementum. In hac habitasse platea dictumst. Morbi vestibulum, velit id pretium iaculis, diam erat fermentum justo, nec condimentum neque sapien placerat ante. Nulla justo. Aliquam quis turpis eget elit sodales scelerisque.', 1886, 0.15);
insert into books (id, pub_date, is_bestseller, slug, title, image, description, price, discount) values (30, '2017/03/20', 0, 'book-tfw-803', '$9.99', 'http://dummyimage.com/509x384.png/cc0000/ffffff', 'Vestibulum quam sapien, varius ut, blandit non, interdum in, ante. Vestibulum ante ipsum primis in faucibus orci luctus et ultrices posuere cubilia Curae; Duis faucibus accumsan odio. Curabitur convallis. Duis consequat dui nec nisi volutpat eleifend. Donec ut dolor. Morbi vel lectus in quam fringilla rhoncus. Mauris enim leo, rhoncus sed, vestibulum sit amet, cursus id, turpis. Integer aliquet, massa id lobortis convallis, tortor risus dapibus augue, vel accumsan tellus nisi eu orci.', 2164, 0.22);
insert into books (id, pub_date, is_bestseller, slug, title, image, description, price, discount) values (31, '2020/07/01', 0, 'book-qec-321', 'Curly Top', 'http://dummyimage.com/488x667.png/dddddd/000000', 'Mauris lacinia sapien quis libero. Nullam sit amet turpis elementum ligula vehicula consequat. Morbi a ipsum. Integer a nibh. In quis justo. Maecenas rhoncus aliquam lacus. Morbi quis tortor id nulla ultrices aliquet.', 2296, 0.37);
insert into books (id, pub_date, is_bestseller, slug, title, image, description, price, discount) values (32, '2020/07/05', 0, 'book-iyt-886', 'L-Shaped Room, The', 'http://dummyimage.com/632x211.png/5fa2dd/ffffff', 'Fusce lacus purus, aliquet at, feugiat non, pretium quis, lectus. Suspendisse potenti. In eleifend quam a odio. In hac habitasse platea dictumst. Maecenas ut massa quis augue luctus tincidunt. Nulla mollis molestie lorem.', 1643, 0.11);
insert into books (id, pub_date, is_bestseller, slug, title, image, description, price, discount) values (33, '2016/12/03', 0, 'book-hvd-720', 'Art of Getting By, The', 'http://dummyimage.com/557x237.png/cc0000/ffffff', 'Duis mattis egestas metus. Aenean fermentum. Donec ut mauris eget massa tempor convallis. Nulla neque libero, convallis eget, eleifend luctus, ultricies eu, nibh. Quisque id justo sit amet sapien dignissim vestibulum.', 560, 0.32);
insert into books (id, pub_date, is_bestseller, slug, title, image, description, price, discount) values (34, '2013/10/31', 0, 'book-ajz-656', 'Empire of the Sun', 'http://dummyimage.com/615x618.png/cc0000/ffffff', 'Phasellus in felis. Donec semper sapien a libero. Nam dui. Proin leo odio, porttitor id, consequat in, consequat ut, nulla. Sed accumsan felis. Ut at dolor quis odio consequat varius. Integer ac leo. Pellentesque ultrices mattis odio.', 2493, 0.05);
insert into books (id, pub_date, is_bestseller, slug, title, image, description, price, discount) values (35, '2019/12/14', 1, 'book-lfk-106', 'Sea Gull, The', 'http://dummyimage.com/721x632.png/ff4444/ffffff', 'Duis consequat dui nec nisi volutpat eleifend. Donec ut dolor. Morbi vel lectus in quam fringilla rhoncus. Mauris enim leo, rhoncus sed, vestibulum sit amet, cursus id, turpis. Integer aliquet, massa id lobortis convallis, tortor risus dapibus augue, vel accumsan tellus nisi eu orci. Mauris lacinia sapien quis libero. Nullam sit amet turpis elementum ligula vehicula consequat. Morbi a ipsum.', 1356, 0.15);
insert into books (id, pub_date, is_bestseller, slug, title, image, description, price, discount) values (36, '2022/05/06', 1, 'book-lqk-980', 'Shampoo', 'http://dummyimage.com/662x288.png/dddddd/000000', 'Morbi a ipsum. Integer a nibh. In quis justo. Maecenas rhoncus aliquam lacus. Morbi quis tortor id nulla ultrices aliquet. Maecenas leo odio, condimentum id, luctus nec, molestie sed, justo. Pellentesque viverra pede ac diam.', 2370, 0.37);
insert into books (id, pub_date, is_bestseller, slug, title, image, description, price, discount) values (37, '2015/11/29', 0, 'book-wom-288', 'Bad News Bears in Breaking Training, The', 'http://dummyimage.com/499x795.png/ff4444/ffffff', 'Cum sociis natoque penatibus et magnis dis parturient montes, nascetur ridiculus mus. Etiam vel augue. Vestibulum rutrum rutrum neque. Aenean auctor gravida sem. Praesent id massa id nisl venenatis lacinia.', 2281, 0.19);
insert into books (id, pub_date, is_bestseller, slug, title, image, description, price, discount) values (38, '2016/01/05', 1, 'book-bdu-974', 'Memories (MemorГ®zu)', 'http://dummyimage.com/633x305.png/5fa2dd/ffffff', 'Aenean fermentum. Donec ut mauris eget massa tempor convallis. Nulla neque libero, convallis eget, eleifend luctus, ultricies eu, nibh. Quisque id justo sit amet sapien dignissim vestibulum. Vestibulum ante ipsum primis in faucibus orci luctus et ultrices posuere cubilia Curae; Nulla dapibus dolor vel est. Donec odio justo, sollicitudin ut, suscipit a, feugiat et, eros. Vestibulum ac est lacinia nisi venenatis tristique.', 728, 0.29);
insert into books (id, pub_date, is_bestseller, slug, title, image, description, price, discount) values (39, '2013/06/02', 1, 'book-vae-084', 'Brave', 'http://dummyimage.com/676x460.png/dddddd/000000', 'Nunc nisl. Duis bibendum, felis sed interdum venenatis, turpis enim blandit mi, in porttitor pede justo eu massa. Donec dapibus. Duis at velit eu est congue elementum. In hac habitasse platea dictumst.', 2091, 0.33);
insert into books (id, pub_date, is_bestseller, slug, title, image, description, price, discount) values (40, '2015/03/14', 1, 'book-tdw-574', 'Immortal Story, The (Histoire immortelle)', 'http://dummyimage.com/690x459.png/dddddd/000000', 'Duis aliquam convallis nunc. Proin at turpis a pede posuere nonummy. Integer non velit. Donec diam neque, vestibulum eget, vulputate ut, ultrices vel, augue. Vestibulum ante ipsum primis in faucibus orci luctus et ultrices posuere cubilia Curae; Donec pharetra, magna vestibulum aliquet ultrices, erat tortor sollicitudin mi, sit amet lobortis sapien sapien non mi. Integer ac neque. Duis bibendum.', 287, 0.5);
insert into books (id, pub_date, is_bestseller, slug, title, image, description, price, discount) values (41, '2021/10/26', 0, 'book-qbs-747', 'Death Race 2', 'http://dummyimage.com/744x444.png/dddddd/000000', 'Sed sagittis. Nam congue, risus semper porta volutpat, quam pede lobortis ligula, sit amet eleifend pede libero quis orci. Nullam molestie nibh in lectus. Pellentesque at nulla. Suspendisse potenti.', 1754, 0.1);
insert into books (id, pub_date, is_bestseller, slug, title, image, description, price, discount) values (42, '2014/03/25', 1, 'book-tur-634', 'Thin Red Line, The', 'http://dummyimage.com/644x699.png/cc0000/ffffff', 'Morbi porttitor lorem id ligula. Suspendisse ornare consequat lectus. In est risus, auctor sed, tristique in, tempus sit amet, sem. Fusce consequat. Nulla nisl. Nunc nisl.', 587, 0.36);
insert into books (id, pub_date, is_bestseller, slug, title, image, description, price, discount) values (43, '2014/03/30', 1, 'book-gnj-078', 'Treatment, The', 'http://dummyimage.com/784x580.png/dddddd/000000', 'Suspendisse potenti. In eleifend quam a odio. In hac habitasse platea dictumst. Maecenas ut massa quis augue luctus tincidunt. Nulla mollis molestie lorem. Quisque ut erat.', 582, 0.16);
insert into books (id, pub_date, is_bestseller, slug, title, image, description, price, discount) values (44, '2022/05/06', 1, 'book-dth-049', 'Masquerade (Gwanghai, Wangyidoen namja)', 'http://dummyimage.com/588x641.png/ff4444/ffffff', 'Maecenas tristique, est et tempus semper, est quam pharetra magna, ac consequat metus sapien ut nunc. Vestibulum ante ipsum primis in faucibus orci luctus et ultrices posuere cubilia Curae; Mauris viverra diam vitae quam. Suspendisse potenti. Nullam porttitor lacus at turpis. Donec posuere metus vitae ipsum. Aliquam non mauris. Morbi non lectus. Aliquam sit amet diam in magna bibendum imperdiet.', 2022, 0.15);
insert into books (id, pub_date, is_bestseller, slug, title, image, description, price, discount) values (45, '2019/09/02', 0, 'book-xdl-356', '18 Years Later (Diciotto anni dopo)', 'http://dummyimage.com/681x713.png/dddddd/000000', 'Proin interdum mauris non ligula pellentesque ultrices. Phasellus id sapien in sapien iaculis congue. Vivamus metus arcu, adipiscing molestie, hendrerit at, vulputate vitae, nisl. Aenean lectus. Pellentesque eget nunc. Donec quis orci eget orci vehicula condimentum.', 1991, 0.26);
insert into books (id, pub_date, is_bestseller, slug, title, image, description, price, discount) values (46, '2012/10/16', 1, 'book-kgm-114', 'Lookin'' to Get Out', 'http://dummyimage.com/534x220.png/dddddd/000000', 'Donec quis orci eget orci vehicula condimentum. Curabitur in libero ut massa volutpat convallis. Morbi odio odio, elementum eu, interdum eu, tincidunt in, leo. Maecenas pulvinar lobortis est. Phasellus sit amet erat. Nulla tempus. Vivamus in felis eu sapien cursus vestibulum. Proin eu mi.', 391, 0.1);
insert into books (id, pub_date, is_bestseller, slug, title, image, description, price, discount) values (47, '2012/10/28', 0, 'book-ner-269', 'Franz Kafka''s a Country Doctor', 'http://dummyimage.com/506x703.png/ff4444/ffffff', 'Integer non velit. Donec diam neque, vestibulum eget, vulputate ut, ultrices vel, augue. Vestibulum ante ipsum primis in faucibus orci luctus et ultrices posuere cubilia Curae; Donec pharetra, magna vestibulum aliquet ultrices, erat tortor sollicitudin mi, sit amet lobortis sapien sapien non mi. Integer ac neque. Duis bibendum. Morbi non quam nec dui luctus rutrum.', 1451, 0.29);
insert into books (id, pub_date, is_bestseller, slug, title, image, description, price, discount) values (48, '2015/03/20', 1, 'book-khc-271', 'Parked', 'http://dummyimage.com/449x456.png/ff4444/ffffff', 'Nulla justo. Aliquam quis turpis eget elit sodales scelerisque. Mauris sit amet eros. Suspendisse accumsan tortor quis turpis. Sed ante. Vivamus tortor. Duis mattis egestas metus. Aenean fermentum.', 666, 0.1);
insert into books (id, pub_date, is_bestseller, slug, title, image, description, price, discount) values (49, '2017/04/27', 1, 'book-jsb-138', 'Mr. Wonderful', 'http://dummyimage.com/578x638.png/cc0000/ffffff', 'Integer non velit. Donec diam neque, vestibulum eget, vulputate ut, ultrices vel, augue. Vestibulum ante ipsum primis in faucibus orci luctus et ultrices posuere cubilia Curae; Donec pharetra, magna vestibulum aliquet ultrices, erat tortor sollicitudin mi, sit amet lobortis sapien sapien non mi. Integer ac neque. Duis bibendum. Morbi non quam nec dui luctus rutrum. Nulla tellus.', 1951, 0.22);
insert into books (id, pub_date, is_bestseller, slug, title, image, description, price, discount) values (50, '2015/03/02', 0, 'book-yqq-081', 'Spy Who Came in from the Cold, The', 'http://dummyimage.com/434x268.png/dddddd/000000', 'Vestibulum ac est lacinia nisi venenatis tristique. Fusce congue, diam id ornare imperdiet, sapien urna pretium nisl, ut volutpat sapien arcu sed augue. Aliquam erat volutpat. In congue. Etiam justo. Etiam pretium iaculis justo. In hac habitasse platea dictumst.', 1030, 0.19);
insert into books (id, pub_date, is_bestseller, slug, title, image, description, price, discount) values (51, '2013/10/30', 1, 'book-qth-393', 'Windtalkers', 'http://dummyimage.com/511x739.png/cc0000/ffffff', 'Donec ut dolor. Morbi vel lectus in quam fringilla rhoncus. Mauris enim leo, rhoncus sed, vestibulum sit amet, cursus id, turpis. Integer aliquet, massa id lobortis convallis, tortor risus dapibus augue, vel accumsan tellus nisi eu orci. Mauris lacinia sapien quis libero. Nullam sit amet turpis elementum ligula vehicula consequat. Morbi a ipsum.', 1175, 0.17);
insert into books (id, pub_date, is_bestseller, slug, title, image, description, price, discount) values (52, '2021/12/06', 0, 'book-jid-318', 'Son of Flubber', 'http://dummyimage.com/549x558.png/cc0000/ffffff', 'Curabitur in libero ut massa volutpat convallis. Morbi odio odio, elementum eu, interdum eu, tincidunt in, leo. Maecenas pulvinar lobortis est. Phasellus sit amet erat. Nulla tempus. Vivamus in felis eu sapien cursus vestibulum.', 461, 0.08);
insert into books (id, pub_date, is_bestseller, slug, title, image, description, price, discount) values (53, '2016/08/26', 1, 'book-cwu-501', 'Pepi, Luci, Bom (Pepi, Luci, Bom y Otras Chicas del MontГіn)', 'http://dummyimage.com/512x448.png/5fa2dd/ffffff', 'Morbi vel lectus in quam fringilla rhoncus. Mauris enim leo, rhoncus sed, vestibulum sit amet, cursus id, turpis. Integer aliquet, massa id lobortis convallis, tortor risus dapibus augue, vel accumsan tellus nisi eu orci. Mauris lacinia sapien quis libero. Nullam sit amet turpis elementum ligula vehicula consequat. Morbi a ipsum. Integer a nibh. In quis justo.', 308, 0.2);
insert into books (id, pub_date, is_bestseller, slug, title, image, description, price, discount) values (54, '2021/07/17', 0, 'book-bfo-996', 'Ambush (RukajГ¤rven tie)', 'http://dummyimage.com/303x361.png/dddddd/000000', 'Vestibulum rutrum rutrum neque. Aenean auctor gravida sem. Praesent id massa id nisl venenatis lacinia. Aenean sit amet justo. Morbi ut odio. Cras mi pede, malesuada in, imperdiet et, commodo vulputate, justo. In blandit ultrices enim. Lorem ipsum dolor sit amet, consectetuer adipiscing elit.', 1738, 0.13);
insert into books (id, pub_date, is_bestseller, slug, title, image, description, price, discount) values (55, '2019/05/21', 1, 'book-btb-208', 'Youngblood', 'http://dummyimage.com/332x268.png/ff4444/ffffff', 'Quisque id justo sit amet sapien dignissim vestibulum. Vestibulum ante ipsum primis in faucibus orci luctus et ultrices posuere cubilia Curae; Nulla dapibus dolor vel est. Donec odio justo, sollicitudin ut, suscipit a, feugiat et, eros. Vestibulum ac est lacinia nisi venenatis tristique. Fusce congue, diam id ornare imperdiet, sapien urna pretium nisl, ut volutpat sapien arcu sed augue. Aliquam erat volutpat. In congue.', 259, 0.41);
insert into books (id, pub_date, is_bestseller, slug, title, image, description, price, discount) values (56, '2020/07/31', 1, 'book-iul-241', 'Four Seasons, The', 'http://dummyimage.com/755x200.png/dddddd/000000', 'Maecenas rhoncus aliquam lacus. Morbi quis tortor id nulla ultrices aliquet. Maecenas leo odio, condimentum id, luctus nec, molestie sed, justo. Pellentesque viverra pede ac diam. Cras pellentesque volutpat dui. Maecenas tristique, est et tempus semper, est quam pharetra magna, ac consequat metus sapien ut nunc. Vestibulum ante ipsum primis in faucibus orci luctus et ultrices posuere cubilia Curae; Mauris viverra diam vitae quam.', 262, 0.05);
insert into books (id, pub_date, is_bestseller, slug, title, image, description, price, discount) values (57, '2020/12/14', 0, 'book-klw-039', 'Decoys 2: Alien Seduction ', 'http://dummyimage.com/320x452.png/cc0000/ffffff', 'Duis bibendum, felis sed interdum venenatis, turpis enim blandit mi, in porttitor pede justo eu massa. Donec dapibus. Duis at velit eu est congue elementum. In hac habitasse platea dictumst. Morbi vestibulum, velit id pretium iaculis, diam erat fermentum justo, nec condimentum neque sapien placerat ante. Nulla justo.', 1411, 0.34);
insert into books (id, pub_date, is_bestseller, slug, title, image, description, price, discount) values (58, '2015/01/19', 0, 'book-jkt-109', 'James Dean Story, The', 'http://dummyimage.com/560x629.png/dddddd/000000', 'Nulla tempus. Vivamus in felis eu sapien cursus vestibulum. Proin eu mi. Nulla ac enim. In tempor, turpis nec euismod scelerisque, quam turpis adipiscing lorem, vitae mattis nibh ligula nec sem. Duis aliquam convallis nunc.', 1411, 0.09);
insert into books (id, pub_date, is_bestseller, slug, title, image, description, price, discount) values (59, '2013/08/12', 0, 'book-znx-193', 'Clay Pigeons', 'http://dummyimage.com/424x668.png/ff4444/ffffff', 'Nulla neque libero, convallis eget, eleifend luctus, ultricies eu, nibh. Quisque id justo sit amet sapien dignissim vestibulum. Vestibulum ante ipsum primis in faucibus orci luctus et ultrices posuere cubilia Curae; Nulla dapibus dolor vel est. Donec odio justo, sollicitudin ut, suscipit a, feugiat et, eros. Vestibulum ac est lacinia nisi venenatis tristique. Fusce congue, diam id ornare imperdiet, sapien urna pretium nisl, ut volutpat sapien arcu sed augue. Aliquam erat volutpat.', 2484, 0.5);
insert into books (id, pub_date, is_bestseller, slug, title, image, description, price, discount) values (60, '2017/04/20', 1, 'book-vli-335', 'House of Dark Shadows', 'http://dummyimage.com/721x786.png/cc0000/ffffff', 'Quisque ut erat. Curabitur gravida nisi at nibh. In hac habitasse platea dictumst. Aliquam augue quam, sollicitudin vitae, consectetuer eget, rutrum at, lorem. Integer tincidunt ante vel ipsum. Praesent blandit lacinia erat. Vestibulum sed magna at nunc commodo placerat. Praesent blandit.', 2285, 0.27);
insert into books (id, pub_date, is_bestseller, slug, title, image, description, price, discount) values (61, '2012/06/04', 1, 'book-vzx-741', 'Cabin Fever', 'http://dummyimage.com/582x308.png/5fa2dd/ffffff', 'Proin leo odio, porttitor id, consequat in, consequat ut, nulla. Sed accumsan felis. Ut at dolor quis odio consequat varius. Integer ac leo. Pellentesque ultrices mattis odio. Donec vitae nisi.', 2461, 0.07);
insert into books (id, pub_date, is_bestseller, slug, title, image, description, price, discount) values (62, '2015/07/20', 1, 'book-jcm-522', 'AlienВі (a.k.a. Alien 3)', 'http://dummyimage.com/402x313.png/cc0000/ffffff', 'Curabitur in libero ut massa volutpat convallis. Morbi odio odio, elementum eu, interdum eu, tincidunt in, leo. Maecenas pulvinar lobortis est. Phasellus sit amet erat. Nulla tempus. Vivamus in felis eu sapien cursus vestibulum.', 2247, 0.48);
insert into books (id, pub_date, is_bestseller, slug, title, image, description, price, discount) values (63, '2013/05/23', 1, 'book-bqz-412', 'Sherlock Holmes', 'http://dummyimage.com/403x434.png/dddddd/000000', 'Nulla tempus. Vivamus in felis eu sapien cursus vestibulum. Proin eu mi. Nulla ac enim. In tempor, turpis nec euismod scelerisque, quam turpis adipiscing lorem, vitae mattis nibh ligula nec sem.', 1603, 0.4);
insert into books (id, pub_date, is_bestseller, slug, title, image, description, price, discount) values (64, '2016/01/29', 0, 'book-hqa-684', 'Pride and Prejudice', 'http://dummyimage.com/212x403.png/ff4444/ffffff', 'In tempor, turpis nec euismod scelerisque, quam turpis adipiscing lorem, vitae mattis nibh ligula nec sem. Duis aliquam convallis nunc. Proin at turpis a pede posuere nonummy. Integer non velit. Donec diam neque, vestibulum eget, vulputate ut, ultrices vel, augue.', 1810, 0.49);
insert into books (id, pub_date, is_bestseller, slug, title, image, description, price, discount) values (65, '2018/08/12', 0, 'book-for-502', 'Transylvania', 'http://dummyimage.com/723x333.png/ff4444/ffffff', 'Donec posuere metus vitae ipsum. Aliquam non mauris. Morbi non lectus. Aliquam sit amet diam in magna bibendum imperdiet. Nullam orci pede, venenatis non, sodales sed, tincidunt eu, felis. Fusce posuere felis sed lacus. Morbi sem mauris, laoreet ut, rhoncus aliquet, pulvinar sed, nisl.', 882, 0.25);
insert into books (id, pub_date, is_bestseller, slug, title, image, description, price, discount) values (66, '2010/10/30', 0, 'book-ftb-213', 'Bonheur, Le', 'http://dummyimage.com/385x345.png/ff4444/ffffff', 'Vestibulum ante ipsum primis in faucibus orci luctus et ultrices posuere cubilia Curae; Mauris viverra diam vitae quam. Suspendisse potenti. Nullam porttitor lacus at turpis. Donec posuere metus vitae ipsum. Aliquam non mauris. Morbi non lectus. Aliquam sit amet diam in magna bibendum imperdiet.', 1928, 0.09);
insert into books (id, pub_date, is_bestseller, slug, title, image, description, price, discount) values (67, '2020/01/28', 1, 'book-jaz-285', 'Jacob the Liar (Jakob, der LГјgner)', 'http://dummyimage.com/576x277.png/dddddd/000000', 'Nulla neque libero, convallis eget, eleifend luctus, ultricies eu, nibh. Quisque id justo sit amet sapien dignissim vestibulum. Vestibulum ante ipsum primis in faucibus orci luctus et ultrices posuere cubilia Curae; Nulla dapibus dolor vel est. Donec odio justo, sollicitudin ut, suscipit a, feugiat et, eros. Vestibulum ac est lacinia nisi venenatis tristique. Fusce congue, diam id ornare imperdiet, sapien urna pretium nisl, ut volutpat sapien arcu sed augue. Aliquam erat volutpat.', 1658, 0.09);
insert into books (id, pub_date, is_bestseller, slug, title, image, description, price, discount) values (68, '2020/02/28', 1, 'book-kkm-879', 'Mysterious Object at Noon (Dokfa nai meuman)', 'http://dummyimage.com/323x319.png/dddddd/000000', 'Suspendisse potenti. Cras in purus eu magna vulputate luctus. Cum sociis natoque penatibus et magnis dis parturient montes, nascetur ridiculus mus. Vivamus vestibulum sagittis sapien. Cum sociis natoque penatibus et magnis dis parturient montes, nascetur ridiculus mus. Etiam vel augue. Vestibulum rutrum rutrum neque.', 1701, 0.42);
insert into books (id, pub_date, is_bestseller, slug, title, image, description, price, discount) values (69, '2022/02/27', 0, 'book-aon-224', 'Let''s Be Cops', 'http://dummyimage.com/616x632.png/cc0000/ffffff', 'Mauris sit amet eros. Suspendisse accumsan tortor quis turpis. Sed ante. Vivamus tortor. Duis mattis egestas metus.', 735, 0.21);
insert into books (id, pub_date, is_bestseller, slug, title, image, description, price, discount) values (70, '2020/02/10', 1, 'book-zbo-321', 'Last Call at the Oasis', 'http://dummyimage.com/555x618.png/ff4444/ffffff', 'Aenean lectus. Pellentesque eget nunc. Donec quis orci eget orci vehicula condimentum. Curabitur in libero ut massa volutpat convallis. Morbi odio odio, elementum eu, interdum eu, tincidunt in, leo. Maecenas pulvinar lobortis est. Phasellus sit amet erat.', 443, 0.46);
insert into books (id, pub_date, is_bestseller, slug, title, image, description, price, discount) values (71, '2014/01/15', 1, 'book-jvj-701', 'Chris Rock: Bigger & Blacker', 'http://dummyimage.com/373x415.png/cc0000/ffffff', 'Nulla justo. Aliquam quis turpis eget elit sodales scelerisque. Mauris sit amet eros. Suspendisse accumsan tortor quis turpis. Sed ante. Vivamus tortor.', 1822, 0.3);
insert into books (id, pub_date, is_bestseller, slug, title, image, description, price, discount) values (72, '2017/08/11', 0, 'book-iaw-088', 'Oh Boy (A Coffee in Berlin)', 'http://dummyimage.com/474x754.png/cc0000/ffffff', 'Nulla tempus. Vivamus in felis eu sapien cursus vestibulum. Proin eu mi. Nulla ac enim. In tempor, turpis nec euismod scelerisque, quam turpis adipiscing lorem, vitae mattis nibh ligula nec sem.', 1925, 0.41);
insert into books (id, pub_date, is_bestseller, slug, title, image, description, price, discount) values (73, '2013/12/21', 0, 'book-etf-417', 'Spider', 'http://dummyimage.com/251x583.png/ff4444/ffffff', 'Nulla tellus. In sagittis dui vel nisl. Duis ac nibh. Fusce lacus purus, aliquet at, feugiat non, pretium quis, lectus. Suspendisse potenti. In eleifend quam a odio. In hac habitasse platea dictumst. Maecenas ut massa quis augue luctus tincidunt.', 1883, 0.22);
insert into books (id, pub_date, is_bestseller, slug, title, image, description, price, discount) values (74, '2021/08/17', 1, 'book-ywn-902', 'Volver', 'http://dummyimage.com/255x595.png/ff4444/ffffff', 'Aliquam non mauris. Morbi non lectus. Aliquam sit amet diam in magna bibendum imperdiet. Nullam orci pede, venenatis non, sodales sed, tincidunt eu, felis. Fusce posuere felis sed lacus.', 1318, 0.06);
insert into books (id, pub_date, is_bestseller, slug, title, image, description, price, discount) values (75, '2018/07/15', 0, 'book-tra-869', 'Fallen Idol, The', 'http://dummyimage.com/792x247.png/dddddd/000000', 'Donec semper sapien a libero. Nam dui. Proin leo odio, porttitor id, consequat in, consequat ut, nulla. Sed accumsan felis. Ut at dolor quis odio consequat varius.', 1346, 0.45);
insert into books (id, pub_date, is_bestseller, slug, title, image, description, price, discount) values (76, '2015/08/09', 1, 'book-fae-016', 'That Championship Season', 'http://dummyimage.com/309x449.png/ff4444/ffffff', 'Cras in purus eu magna vulputate luctus. Cum sociis natoque penatibus et magnis dis parturient montes, nascetur ridiculus mus. Vivamus vestibulum sagittis sapien. Cum sociis natoque penatibus et magnis dis parturient montes, nascetur ridiculus mus. Etiam vel augue. Vestibulum rutrum rutrum neque.', 1376, 0.28);
insert into books (id, pub_date, is_bestseller, slug, title, image, description, price, discount) values (77, '2013/01/22', 1, 'book-xue-338', 'Sea Fog', 'http://dummyimage.com/365x292.png/cc0000/ffffff', 'Cras mi pede, malesuada in, imperdiet et, commodo vulputate, justo. In blandit ultrices enim. Lorem ipsum dolor sit amet, consectetuer adipiscing elit. Proin interdum mauris non ligula pellentesque ultrices. Phasellus id sapien in sapien iaculis congue. Vivamus metus arcu, adipiscing molestie, hendrerit at, vulputate vitae, nisl. Aenean lectus. Pellentesque eget nunc.', 1288, 0.24);
insert into books (id, pub_date, is_bestseller, slug, title, image, description, price, discount) values (78, '2020/02/15', 1, 'book-ffm-053', 'Police', 'http://dummyimage.com/596x656.png/dddddd/000000', 'Nunc nisl. Duis bibendum, felis sed interdum venenatis, turpis enim blandit mi, in porttitor pede justo eu massa. Donec dapibus. Duis at velit eu est congue elementum. In hac habitasse platea dictumst. Morbi vestibulum, velit id pretium iaculis, diam erat fermentum justo, nec condimentum neque sapien placerat ante. Nulla justo. Aliquam quis turpis eget elit sodales scelerisque.', 1232, 0.49);
insert into books (id, pub_date, is_bestseller, slug, title, image, description, price, discount) values (79, '2013/07/26', 1, 'book-ixt-607', 'Conquest', 'http://dummyimage.com/231x492.png/cc0000/ffffff', 'Aliquam sit amet diam in magna bibendum imperdiet. Nullam orci pede, venenatis non, sodales sed, tincidunt eu, felis. Fusce posuere felis sed lacus. Morbi sem mauris, laoreet ut, rhoncus aliquet, pulvinar sed, nisl. Nunc rhoncus dui vel sem. Sed sagittis. Nam congue, risus semper porta volutpat, quam pede lobortis ligula, sit amet eleifend pede libero quis orci. Nullam molestie nibh in lectus.', 1742, 0.42);
insert into books (id, pub_date, is_bestseller, slug, title, image, description, price, discount) values (80, '2015/01/05', 0, 'book-puh-782', 'Bomber', 'http://dummyimage.com/591x545.png/cc0000/ffffff', 'Integer aliquet, massa id lobortis convallis, tortor risus dapibus augue, vel accumsan tellus nisi eu orci. Mauris lacinia sapien quis libero. Nullam sit amet turpis elementum ligula vehicula consequat. Morbi a ipsum. Integer a nibh. In quis justo. Maecenas rhoncus aliquam lacus.', 1508, 0.42);
insert into books (id, pub_date, is_bestseller, slug, title, image, description, price, discount) values (81, '2013/09/07', 1, 'book-hvj-780', 'Dunston Checks In', 'http://dummyimage.com/628x552.png/5fa2dd/ffffff', 'Proin risus. Praesent lectus. Vestibulum quam sapien, varius ut, blandit non, interdum in, ante. Vestibulum ante ipsum primis in faucibus orci luctus et ultrices posuere cubilia Curae; Duis faucibus accumsan odio. Curabitur convallis. Duis consequat dui nec nisi volutpat eleifend.', 1203, 0.29);
insert into books (id, pub_date, is_bestseller, slug, title, image, description, price, discount) values (82, '2015/01/23', 0, 'book-fvt-160', 'Konga', 'http://dummyimage.com/254x718.png/ff4444/ffffff', 'Donec semper sapien a libero. Nam dui. Proin leo odio, porttitor id, consequat in, consequat ut, nulla. Sed accumsan felis. Ut at dolor quis odio consequat varius. Integer ac leo.', 1667, 0.16);
insert into books (id, pub_date, is_bestseller, slug, title, image, description, price, discount) values (83, '2014/07/01', 1, 'book-bqz-695', 'Alive Day Memories: Home from Iraq (Occupation Iraq)', 'http://dummyimage.com/328x732.png/5fa2dd/ffffff', 'Nulla ac enim. In tempor, turpis nec euismod scelerisque, quam turpis adipiscing lorem, vitae mattis nibh ligula nec sem. Duis aliquam convallis nunc. Proin at turpis a pede posuere nonummy. Integer non velit. Donec diam neque, vestibulum eget, vulputate ut, ultrices vel, augue.', 654, 0.29);
insert into books (id, pub_date, is_bestseller, slug, title, image, description, price, discount) values (84, '2014/01/18', 0, 'book-pra-851', 'All the King''s Men', 'http://dummyimage.com/459x262.png/dddddd/000000', 'Cras in purus eu magna vulputate luctus. Cum sociis natoque penatibus et magnis dis parturient montes, nascetur ridiculus mus. Vivamus vestibulum sagittis sapien. Cum sociis natoque penatibus et magnis dis parturient montes, nascetur ridiculus mus. Etiam vel augue. Vestibulum rutrum rutrum neque. Aenean auctor gravida sem. Praesent id massa id nisl venenatis lacinia.', 1363, 0.39);
insert into books (id, pub_date, is_bestseller, slug, title, image, description, price, discount) values (85, '2014/06/02', 0, 'book-nsx-439', 'Emmanuel''s Gift', 'http://dummyimage.com/566x469.png/cc0000/ffffff', 'Suspendisse ornare consequat lectus. In est risus, auctor sed, tristique in, tempus sit amet, sem. Fusce consequat. Nulla nisl. Nunc nisl.', 1797, 0.46);
insert into books (id, pub_date, is_bestseller, slug, title, image, description, price, discount) values (86, '2022/10/09', 1, 'book-qiy-154', 'Black Mirror', 'http://dummyimage.com/329x561.png/cc0000/ffffff', 'Lorem ipsum dolor sit amet, consectetuer adipiscing elit. Proin risus. Praesent lectus. Vestibulum quam sapien, varius ut, blandit non, interdum in, ante. Vestibulum ante ipsum primis in faucibus orci luctus et ultrices posuere cubilia Curae; Duis faucibus accumsan odio. Curabitur convallis. Duis consequat dui nec nisi volutpat eleifend. Donec ut dolor.', 976, 0.11);
insert into books (id, pub_date, is_bestseller, slug, title, image, description, price, discount) values (87, '2013/07/07', 0, 'book-dvi-813', 'One Man Against the Organization', 'http://dummyimage.com/410x515.png/5fa2dd/ffffff', 'Proin eu mi. Nulla ac enim. In tempor, turpis nec euismod scelerisque, quam turpis adipiscing lorem, vitae mattis nibh ligula nec sem. Duis aliquam convallis nunc. Proin at turpis a pede posuere nonummy.', 2458, 0.18);
insert into books (id, pub_date, is_bestseller, slug, title, image, description, price, discount) values (88, '2014/09/05', 0, 'book-yxh-552', 'Way Ahead, The (a.k.a. The Immortal Battalion)', 'http://dummyimage.com/617x263.png/cc0000/ffffff', 'Nulla facilisi. Cras non velit nec nisi vulputate nonummy. Maecenas tincidunt lacus at velit. Vivamus vel nulla eget eros elementum pellentesque. Quisque porta volutpat erat.', 1434, 0.33);
insert into books (id, pub_date, is_bestseller, slug, title, image, description, price, discount) values (89, '2015/10/09', 1, 'book-uhn-915', 'On Moonlight Bay', 'http://dummyimage.com/630x306.png/dddddd/000000', 'Donec vitae nisi. Nam ultrices, libero non mattis pulvinar, nulla pede ullamcorper augue, a suscipit nulla elit ac nulla. Sed vel enim sit amet nunc viverra dapibus. Nulla suscipit ligula in lacus. Curabitur at ipsum ac tellus semper interdum. Mauris ullamcorper purus sit amet nulla.', 1001, 0.22);
insert into books (id, pub_date, is_bestseller, slug, title, image, description, price, discount) values (90, '2021/08/20', 1, 'book-auw-951', 'Beats Rhymes & Life: The Travels of a Tribe Called Quest', 'http://dummyimage.com/640x609.png/dddddd/000000', 'Donec odio justo, sollicitudin ut, suscipit a, feugiat et, eros. Vestibulum ac est lacinia nisi venenatis tristique. Fusce congue, diam id ornare imperdiet, sapien urna pretium nisl, ut volutpat sapien arcu sed augue. Aliquam erat volutpat. In congue. Etiam justo.', 2224, 0.23);
insert into books (id, pub_date, is_bestseller, slug, title, image, description, price, discount) values (91, '2015/08/21', 0, 'book-ygk-426', 'Bridge of Dragons', 'http://dummyimage.com/417x693.png/ff4444/ffffff', 'Aliquam augue quam, sollicitudin vitae, consectetuer eget, rutrum at, lorem. Integer tincidunt ante vel ipsum. Praesent blandit lacinia erat. Vestibulum sed magna at nunc commodo placerat. Praesent blandit. Nam nulla.', 2233, 0.3);
insert into books (id, pub_date, is_bestseller, slug, title, image, description, price, discount) values (92, '2021/12/08', 0, 'book-lkb-502', 'Countdown to Looking Glass', 'http://dummyimage.com/245x394.png/dddddd/000000', 'Morbi non lectus. Aliquam sit amet diam in magna bibendum imperdiet. Nullam orci pede, venenatis non, sodales sed, tincidunt eu, felis. Fusce posuere felis sed lacus. Morbi sem mauris, laoreet ut, rhoncus aliquet, pulvinar sed, nisl.', 1850, 0.49);
insert into books (id, pub_date, is_bestseller, slug, title, image, description, price, discount) values (93, '2016/07/10', 1, 'book-rlc-811', 'Mystery Date', 'http://dummyimage.com/720x708.png/cc0000/ffffff', 'Cras mi pede, malesuada in, imperdiet et, commodo vulputate, justo. In blandit ultrices enim. Lorem ipsum dolor sit amet, consectetuer adipiscing elit. Proin interdum mauris non ligula pellentesque ultrices. Phasellus id sapien in sapien iaculis congue. Vivamus metus arcu, adipiscing molestie, hendrerit at, vulputate vitae, nisl. Aenean lectus.', 702, 0.48);
insert into books (id, pub_date, is_bestseller, slug, title, image, description, price, discount) values (94, '2013/05/26', 1, 'book-dpa-730', 'King David', 'http://dummyimage.com/214x302.png/ff4444/ffffff', 'Fusce lacus purus, aliquet at, feugiat non, pretium quis, lectus. Suspendisse potenti. In eleifend quam a odio. In hac habitasse platea dictumst. Maecenas ut massa quis augue luctus tincidunt.', 375, 0.11);
insert into books (id, pub_date, is_bestseller, slug, title, image, description, price, discount) values (95, '2021/11/22', 0, 'book-gsk-771', 'Wrong', 'http://dummyimage.com/626x633.png/ff4444/ffffff', 'Sed vel enim sit amet nunc viverra dapibus. Nulla suscipit ligula in lacus. Curabitur at ipsum ac tellus semper interdum. Mauris ullamcorper purus sit amet nulla. Quisque arcu libero, rutrum ac, lobortis vel, dapibus at, diam. Nam tristique tortor eu pede.', 670, 0.25);
insert into books (id, pub_date, is_bestseller, slug, title, image, description, price, discount) values (96, '2016/03/29', 1, 'book-pcl-018', 'Thousands Cheer', 'http://dummyimage.com/397x660.png/cc0000/ffffff', 'Nulla neque libero, convallis eget, eleifend luctus, ultricies eu, nibh. Quisque id justo sit amet sapien dignissim vestibulum. Vestibulum ante ipsum primis in faucibus orci luctus et ultrices posuere cubilia Curae; Nulla dapibus dolor vel est. Donec odio justo, sollicitudin ut, suscipit a, feugiat et, eros. Vestibulum ac est lacinia nisi venenatis tristique. Fusce congue, diam id ornare imperdiet, sapien urna pretium nisl, ut volutpat sapien arcu sed augue. Aliquam erat volutpat.', 1378, 0.28);
insert into books (id, pub_date, is_bestseller, slug, title, image, description, price, discount) values (97, '2019/05/21', 1, 'book-hez-921', 'Dark Island', 'http://dummyimage.com/325x693.png/ff4444/ffffff', 'Maecenas pulvinar lobortis est. Phasellus sit amet erat. Nulla tempus. Vivamus in felis eu sapien cursus vestibulum. Proin eu mi. Nulla ac enim.', 460, 0.24);
insert into books (id, pub_date, is_bestseller, slug, title, image, description, price, discount) values (98, '2020/01/11', 0, 'book-riz-516', 'i hate myself :)', 'http://dummyimage.com/223x553.png/dddddd/000000', 'Nullam molestie nibh in lectus. Pellentesque at nulla. Suspendisse potenti. Cras in purus eu magna vulputate luctus. Cum sociis natoque penatibus et magnis dis parturient montes, nascetur ridiculus mus. Vivamus vestibulum sagittis sapien.', 1454, 0.38);
insert into books (id, pub_date, is_bestseller, slug, title, image, description, price, discount) values (99, '2020/06/05', 0, 'book-hql-298', 'Courage Under Fire', 'http://dummyimage.com/406x705.png/dddddd/000000', 'Sed sagittis. Nam congue, risus semper porta volutpat, quam pede lobortis ligula, sit amet eleifend pede libero quis orci. Nullam molestie nibh in lectus. Pellentesque at nulla. Suspendisse potenti. Cras in purus eu magna vulputate luctus. Cum sociis natoque penatibus et magnis dis parturient montes, nascetur ridiculus mus.', 793, 0.2);
insert into books (id, pub_date, is_bestseller, slug, title, image, description, price, discount) values (100, '2018/10/23', 1, 'book-yrg-626', 'Maximum Conviction', 'http://dummyimage.com/383x614.png/5fa2dd/ffffff', 'Donec ut mauris eget massa tempor convallis. Nulla neque libero, convallis eget, eleifend luctus, ultricies eu, nibh. Quisque id justo sit amet sapien dignissim vestibulum. Vestibulum ante ipsum primis in faucibus orci luctus et ultrices posuere cubilia Curae; Nulla dapibus dolor vel est. Donec odio justo, sollicitudin ut, suscipit a, feugiat et, eros. Vestibulum ac est lacinia nisi venenatis tristique. Fusce congue, diam id ornare imperdiet, sapien urna pretium nisl, ut volutpat sapien arcu sed augue. Aliquam erat volutpat.', 821, 0.29);


insert into authors (id, photo , slug, name, description) values (1, 'http://dummyimage.com/457x474.png/5fa2dd/ffffff', 'author-cjp-171', 'Carmelita Levesley', 'Proin eu mi. Nulla ac enim. In tempor, turpis nec euismod scelerisque, quam turpis adipiscing lorem, vitae mattis nibh ligula nec sem. Duis aliquam convallis nunc. Proin at turpis a pede posuere nonummy. Integer non velit. Donec diam neque, vestibulum eget, vulputate ut, ultrices vel, augue.');
insert into authors (id, photo , slug, name, description) values (2, 'http://dummyimage.com/325x346.png/dddddd/000000', 'author-mcn-456', 'Josefina Petris', 'Phasellus sit amet erat. Nulla tempus. Vivamus in felis eu sapien cursus vestibulum. Proin eu mi. Nulla ac enim.');
insert into authors (id, photo , slug, name, description) values (3, 'http://dummyimage.com/450x445.png/ff4444/ffffff', 'author-jth-473', 'Lalo Quinet', 'Proin at turpis a pede posuere nonummy. Integer non velit. Donec diam neque, vestibulum eget, vulputate ut, ultrices vel, augue. Vestibulum ante ipsum primis in faucibus orci luctus et ultrices posuere cubilia Curae; Donec pharetra, magna vestibulum aliquet ultrices, erat tortor sollicitudin mi, sit amet lobortis sapien sapien non mi. Integer ac neque. Duis bibendum. Morbi non quam nec dui luctus rutrum. Nulla tellus. In sagittis dui vel nisl. Duis ac nibh.');
insert into authors (id, photo , slug, name, description) values (4, 'http://dummyimage.com/350x378.png/5fa2dd/ffffff', 'author-lkb-954', 'Millicent Spelman', 'Integer tincidunt ante vel ipsum. Praesent blandit lacinia erat. Vestibulum sed magna at nunc commodo placerat. Praesent blandit. Nam nulla. Integer pede justo, lacinia eget, tincidunt eget, tempus vel, pede. Morbi porttitor lorem id ligula. Suspendisse ornare consequat lectus.');
insert into authors (id, photo , slug, name, description) values (5, 'http://dummyimage.com/414x321.png/cc0000/ffffff', 'author-vho-511', 'Kelila Tuke', 'Nulla nisl. Nunc nisl. Duis bibendum, felis sed interdum venenatis, turpis enim blandit mi, in porttitor pede justo eu massa. Donec dapibus. Duis at velit eu est congue elementum. In hac habitasse platea dictumst. Morbi vestibulum, velit id pretium iaculis, diam erat fermentum justo, nec condimentum neque sapien placerat ante. Nulla justo.');
insert into authors (id, photo , slug, name, description) values (6, 'http://dummyimage.com/509x457.png/cc0000/ffffff', 'author-enl-315', 'Symon Greenhalf', 'Aliquam quis turpis eget elit sodales scelerisque. Mauris sit amet eros. Suspendisse accumsan tortor quis turpis. Sed ante. Vivamus tortor. Duis mattis egestas metus. Aenean fermentum.');
insert into authors (id, photo , slug, name, description) values (7, 'http://dummyimage.com/363x394.png/5fa2dd/ffffff', 'author-xnr-012', 'Andras Molyneux', 'Nam congue, risus semper porta volutpat, quam pede lobortis ligula, sit amet eleifend pede libero quis orci. Nullam molestie nibh in lectus. Pellentesque at nulla. Suspendisse potenti. Cras in purus eu magna vulputate luctus. Cum sociis natoque penatibus et magnis dis parturient montes, nascetur ridiculus mus. Vivamus vestibulum sagittis sapien. Cum sociis natoque penatibus et magnis dis parturient montes, nascetur ridiculus mus.');
insert into authors (id, photo , slug, name, description) values (8, 'http://dummyimage.com/566x451.png/5fa2dd/ffffff', 'author-mah-141', 'Reggy Noblett', 'Pellentesque at nulla. Suspendisse potenti. Cras in purus eu magna vulputate luctus. Cum sociis natoque penatibus et magnis dis parturient montes, nascetur ridiculus mus. Vivamus vestibulum sagittis sapien. Cum sociis natoque penatibus et magnis dis parturient montes, nascetur ridiculus mus. Etiam vel augue.');
insert into authors (id, photo , slug, name, description) values (9, 'http://dummyimage.com/395x593.png/ff4444/ffffff', 'author-ugc-708', 'Grace Benito', 'Nam congue, risus semper porta volutpat, quam pede lobortis ligula, sit amet eleifend pede libero quis orci. Nullam molestie nibh in lectus. Pellentesque at nulla. Suspendisse potenti. Cras in purus eu magna vulputate luctus. Cum sociis natoque penatibus et magnis dis parturient montes, nascetur ridiculus mus. Vivamus vestibulum sagittis sapien. Cum sociis natoque penatibus et magnis dis parturient montes, nascetur ridiculus mus. Etiam vel augue.');
insert into authors (id, photo , slug, name, description) values (10, 'http://dummyimage.com/438x597.png/cc0000/ffffff', 'author-kbs-433', 'Hurley Whitemarsh', 'Proin eu mi. Nulla ac enim. In tempor, turpis nec euismod scelerisque, quam turpis adipiscing lorem, vitae mattis nibh ligula nec sem. Duis aliquam convallis nunc. Proin at turpis a pede posuere nonummy. Integer non velit. Donec diam neque, vestibulum eget, vulputate ut, ultrices vel, augue. Vestibulum ante ipsum primis in faucibus orci luctus et ultrices posuere cubilia Curae; Donec pharetra, magna vestibulum aliquet ultrices, erat tortor sollicitudin mi, sit amet lobortis sapien sapien non mi. Integer ac neque. Duis bibendum.');
insert into authors (id, photo , slug, name, description) values (11, 'http://dummyimage.com/428x318.png/5fa2dd/ffffff', 'author-shc-477', 'Janis Tonna', 'In hac habitasse platea dictumst. Aliquam augue quam, sollicitudin vitae, consectetuer eget, rutrum at, lorem. Integer tincidunt ante vel ipsum. Praesent blandit lacinia erat. Vestibulum sed magna at nunc commodo placerat. Praesent blandit. Nam nulla.');
insert into authors (id, photo , slug, name, description) values (12, 'http://dummyimage.com/401x519.png/dddddd/000000', 'author-zdc-538', 'Dita MacMarcuis', 'Lorem ipsum dolor sit amet, consectetuer adipiscing elit. Proin risus. Praesent lectus. Vestibulum quam sapien, varius ut, blandit non, interdum in, ante. Vestibulum ante ipsum primis in faucibus orci luctus et ultrices posuere cubilia Curae; Duis faucibus accumsan odio. Curabitur convallis. Duis consequat dui nec nisi volutpat eleifend. Donec ut dolor. Morbi vel lectus in quam fringilla rhoncus. Mauris enim leo, rhoncus sed, vestibulum sit amet, cursus id, turpis.');
insert into authors (id, photo , slug, name, description) values (13, 'http://dummyimage.com/500x504.png/ff4444/ffffff', 'author-yld-982', 'Annaliese Hatt', 'Suspendisse potenti. Nullam porttitor lacus at turpis. Donec posuere metus vitae ipsum. Aliquam non mauris. Morbi non lectus. Aliquam sit amet diam in magna bibendum imperdiet. Nullam orci pede, venenatis non, sodales sed, tincidunt eu, felis. Fusce posuere felis sed lacus.');
insert into authors (id, photo , slug, name, description) values (14, 'http://dummyimage.com/422x562.png/cc0000/ffffff', 'author-rlw-163', 'Nevins Skeete', 'Suspendisse potenti. Nullam porttitor lacus at turpis. Donec posuere metus vitae ipsum. Aliquam non mauris. Morbi non lectus. Aliquam sit amet diam in magna bibendum imperdiet. Nullam orci pede, venenatis non, sodales sed, tincidunt eu, felis. Fusce posuere felis sed lacus.');
insert into authors (id, photo , slug, name, description) values (15, 'http://dummyimage.com/390x371.png/5fa2dd/ffffff', 'author-dds-682', 'Westleigh Stoll', 'Maecenas rhoncus aliquam lacus. Morbi quis tortor id nulla ultrices aliquet. Maecenas leo odio, condimentum id, luctus nec, molestie sed, justo. Pellentesque viverra pede ac diam. Cras pellentesque volutpat dui. Maecenas tristique, est et tempus semper, est quam pharetra magna, ac consequat metus sapien ut nunc. Vestibulum ante ipsum primis in faucibus orci luctus et ultrices posuere cubilia Curae; Mauris viverra diam vitae quam. Suspendisse potenti. Nullam porttitor lacus at turpis. Donec posuere metus vitae ipsum.');
insert into authors (id, photo , slug, name, description) values (16, 'http://dummyimage.com/509x503.png/dddddd/000000', 'author-dev-739', 'Orazio Ouver', 'In tempor, turpis nec euismod scelerisque, quam turpis adipiscing lorem, vitae mattis nibh ligula nec sem. Duis aliquam convallis nunc. Proin at turpis a pede posuere nonummy. Integer non velit. Donec diam neque, vestibulum eget, vulputate ut, ultrices vel, augue. Vestibulum ante ipsum primis in faucibus orci luctus et ultrices posuere cubilia Curae; Donec pharetra, magna vestibulum aliquet ultrices, erat tortor sollicitudin mi, sit amet lobortis sapien sapien non mi. Integer ac neque.');
insert into authors (id, photo , slug, name, description) values (17, 'http://dummyimage.com/339x500.png/dddddd/000000', 'author-qdo-900', 'Jessica Luff', 'Nullam varius. Nulla facilisi. Cras non velit nec nisi vulputate nonummy. Maecenas tincidunt lacus at velit. Vivamus vel nulla eget eros elementum pellentesque. Quisque porta volutpat erat. Quisque erat eros, viverra eget, congue eget, semper rutrum, nulla. Nunc purus.');
insert into authors (id, photo , slug, name, description) values (18, 'http://dummyimage.com/415x478.png/ff4444/ffffff', 'author-chz-275', 'Jamesy Wattisham', 'Duis bibendum, felis sed interdum venenatis, turpis enim blandit mi, in porttitor pede justo eu massa. Donec dapibus. Duis at velit eu est congue elementum. In hac habitasse platea dictumst. Morbi vestibulum, velit id pretium iaculis, diam erat fermentum justo, nec condimentum neque sapien placerat ante. Nulla justo. Aliquam quis turpis eget elit sodales scelerisque. Mauris sit amet eros.');
insert into authors (id, photo , slug, name, description) values (19, 'http://dummyimage.com/469x326.png/cc0000/ffffff', 'author-lkz-760', 'Cherice Bulter', 'Vivamus vestibulum sagittis sapien. Cum sociis natoque penatibus et magnis dis parturient montes, nascetur ridiculus mus. Etiam vel augue. Vestibulum rutrum rutrum neque. Aenean auctor gravida sem. Praesent id massa id nisl venenatis lacinia.');
insert into authors (id, photo , slug, name, description) values (20, 'http://dummyimage.com/526x373.png/cc0000/ffffff', 'author-liw-582', 'Maximo Cescoti', 'Donec quis orci eget orci vehicula condimentum. Curabitur in libero ut massa volutpat convallis. Morbi odio odio, elementum eu, interdum eu, tincidunt in, leo. Maecenas pulvinar lobortis est. Phasellus sit amet erat. Nulla tempus. Vivamus in felis eu sapien cursus vestibulum.');
insert into authors (id, photo , slug, name, description) values (21, 'http://dummyimage.com/435x580.png/ff4444/ffffff', 'author-sxz-462', 'Merle Woollhead', 'Cras non velit nec nisi vulputate nonummy. Maecenas tincidunt lacus at velit. Vivamus vel nulla eget eros elementum pellentesque. Quisque porta volutpat erat. Quisque erat eros, viverra eget, congue eget, semper rutrum, nulla. Nunc purus. Phasellus in felis.');
insert into authors (id, photo , slug, name, description) values (22, 'http://dummyimage.com/531x525.png/dddddd/000000', 'author-rgi-101', 'Dory Gudd', 'Pellentesque ultrices mattis odio. Donec vitae nisi. Nam ultrices, libero non mattis pulvinar, nulla pede ullamcorper augue, a suscipit nulla elit ac nulla. Sed vel enim sit amet nunc viverra dapibus. Nulla suscipit ligula in lacus.');
insert into authors (id, photo , slug, name, description) values (23, 'http://dummyimage.com/536x537.png/dddddd/000000', 'author-nif-758', 'Buck Spaice', 'Cum sociis natoque penatibus et magnis dis parturient montes, nascetur ridiculus mus. Etiam vel augue. Vestibulum rutrum rutrum neque. Aenean auctor gravida sem. Praesent id massa id nisl venenatis lacinia. Aenean sit amet justo. Morbi ut odio. Cras mi pede, malesuada in, imperdiet et, commodo vulputate, justo. In blandit ultrices enim. Lorem ipsum dolor sit amet, consectetuer adipiscing elit.');
insert into authors (id, photo , slug, name, description) values (24, 'http://dummyimage.com/340x582.png/cc0000/ffffff', 'author-bxg-000', 'Ripley Alliban', 'Integer ac leo. Pellentesque ultrices mattis odio. Donec vitae nisi. Nam ultrices, libero non mattis pulvinar, nulla pede ullamcorper augue, a suscipit nulla elit ac nulla. Sed vel enim sit amet nunc viverra dapibus. Nulla suscipit ligula in lacus. Curabitur at ipsum ac tellus semper interdum. Mauris ullamcorper purus sit amet nulla. Quisque arcu libero, rutrum ac, lobortis vel, dapibus at, diam.');
insert into authors (id, photo , slug, name, description) values (25, 'http://dummyimage.com/464x338.png/cc0000/ffffff', 'author-yuc-654', 'Orton Peealess', 'Vestibulum rutrum rutrum neque. Aenean auctor gravida sem. Praesent id massa id nisl venenatis lacinia. Aenean sit amet justo. Morbi ut odio. Cras mi pede, malesuada in, imperdiet et, commodo vulputate, justo. In blandit ultrices enim.');
insert into authors (id, photo , slug, name, description) values (26, 'http://dummyimage.com/402x566.png/cc0000/ffffff', 'author-pft-952', 'Mayor Roelofsen', 'Sed accumsan felis. Ut at dolor quis odio consequat varius. Integer ac leo. Pellentesque ultrices mattis odio. Donec vitae nisi. Nam ultrices, libero non mattis pulvinar, nulla pede ullamcorper augue, a suscipit nulla elit ac nulla. Sed vel enim sit amet nunc viverra dapibus. Nulla suscipit ligula in lacus. Curabitur at ipsum ac tellus semper interdum. Mauris ullamcorper purus sit amet nulla.');
insert into authors (id, photo , slug, name, description) values (27, 'http://dummyimage.com/466x305.png/5fa2dd/ffffff', 'author-yzr-343', 'Sigmund Gonoude', 'Nullam orci pede, venenatis non, sodales sed, tincidunt eu, felis. Fusce posuere felis sed lacus. Morbi sem mauris, laoreet ut, rhoncus aliquet, pulvinar sed, nisl. Nunc rhoncus dui vel sem. Sed sagittis. Nam congue, risus semper porta volutpat, quam pede lobortis ligula, sit amet eleifend pede libero quis orci. Nullam molestie nibh in lectus. Pellentesque at nulla. Suspendisse potenti.');
insert into authors (id, photo , slug, name, description) values (28, 'http://dummyimage.com/502x580.png/cc0000/ffffff', 'author-sws-164', 'Winifield Dawltrey', 'Morbi vestibulum, velit id pretium iaculis, diam erat fermentum justo, nec condimentum neque sapien placerat ante. Nulla justo. Aliquam quis turpis eget elit sodales scelerisque. Mauris sit amet eros. Suspendisse accumsan tortor quis turpis. Sed ante.');
insert into authors (id, photo , slug, name, description) values (29, 'http://dummyimage.com/307x429.png/dddddd/000000', 'author-mrh-131', 'Kelsy Mallock', 'Sed sagittis. Nam congue, risus semper porta volutpat, quam pede lobortis ligula, sit amet eleifend pede libero quis orci. Nullam molestie nibh in lectus. Pellentesque at nulla. Suspendisse potenti. Cras in purus eu magna vulputate luctus.');
insert into authors (id, photo , slug, name, description) values (30, 'http://dummyimage.com/533x348.png/dddddd/000000', 'author-atf-550', 'Adda Gebbe', 'Nulla facilisi. Cras non velit nec nisi vulputate nonummy. Maecenas tincidunt lacus at velit. Vivamus vel nulla eget eros elementum pellentesque. Quisque porta volutpat erat. Quisque erat eros, viverra eget, congue eget, semper rutrum, nulla. Nunc purus.');
insert into authors (id, photo , slug, name, description) values (31, 'http://dummyimage.com/404x311.png/cc0000/ffffff', 'author-wsb-613', 'Ramon Rivalland', 'Mauris enim leo, rhoncus sed, vestibulum sit amet, cursus id, turpis. Integer aliquet, massa id lobortis convallis, tortor risus dapibus augue, vel accumsan tellus nisi eu orci. Mauris lacinia sapien quis libero. Nullam sit amet turpis elementum ligula vehicula consequat. Morbi a ipsum. Integer a nibh.');
insert into authors (id, photo , slug, name, description) values (32, 'http://dummyimage.com/363x426.png/ff4444/ffffff', 'author-iec-052', 'Frannie Verzey', 'Nulla mollis molestie lorem. Quisque ut erat. Curabitur gravida nisi at nibh. In hac habitasse platea dictumst. Aliquam augue quam, sollicitudin vitae, consectetuer eget, rutrum at, lorem. Integer tincidunt ante vel ipsum. Praesent blandit lacinia erat.');
insert into authors (id, photo , slug, name, description) values (33, 'http://dummyimage.com/540x317.png/ff4444/ffffff', 'author-fas-971', 'Bev O''Donnell', 'Lorem ipsum dolor sit amet, consectetuer adipiscing elit. Proin risus. Praesent lectus. Vestibulum quam sapien, varius ut, blandit non, interdum in, ante. Vestibulum ante ipsum primis in faucibus orci luctus et ultrices posuere cubilia Curae; Duis faucibus accumsan odio. Curabitur convallis. Duis consequat dui nec nisi volutpat eleifend. Donec ut dolor. Morbi vel lectus in quam fringilla rhoncus.');
insert into authors (id, photo , slug, name, description) values (34, 'http://dummyimage.com/525x476.png/cc0000/ffffff', 'author-ilp-694', 'Fonsie Ellsom', 'Suspendisse accumsan tortor quis turpis. Sed ante. Vivamus tortor. Duis mattis egestas metus. Aenean fermentum. Donec ut mauris eget massa tempor convallis. Nulla neque libero, convallis eget, eleifend luctus, ultricies eu, nibh. Quisque id justo sit amet sapien dignissim vestibulum.');
insert into authors (id, photo , slug, name, description) values (35, 'http://dummyimage.com/539x446.png/cc0000/ffffff', 'author-uyt-100', 'Mufinella Galiford', 'Proin interdum mauris non ligula pellentesque ultrices. Phasellus id sapien in sapien iaculis congue. Vivamus metus arcu, adipiscing molestie, hendrerit at, vulputate vitae, nisl. Aenean lectus. Pellentesque eget nunc. Donec quis orci eget orci vehicula condimentum. Curabitur in libero ut massa volutpat convallis. Morbi odio odio, elementum eu, interdum eu, tincidunt in, leo. Maecenas pulvinar lobortis est. Phasellus sit amet erat.');
insert into authors (id, photo , slug, name, description) values (36, 'http://dummyimage.com/444x547.png/5fa2dd/ffffff', 'author-lkm-579', 'Sholom Snipe', 'In est risus, auctor sed, tristique in, tempus sit amet, sem. Fusce consequat. Nulla nisl. Nunc nisl. Duis bibendum, felis sed interdum venenatis, turpis enim blandit mi, in porttitor pede justo eu massa. Donec dapibus. Duis at velit eu est congue elementum. In hac habitasse platea dictumst. Morbi vestibulum, velit id pretium iaculis, diam erat fermentum justo, nec condimentum neque sapien placerat ante. Nulla justo.');
insert into authors (id, photo , slug, name, description) values (37, 'http://dummyimage.com/326x467.png/5fa2dd/ffffff', 'author-tap-766', 'Arliene Belsey', 'Suspendisse potenti. Cras in purus eu magna vulputate luctus. Cum sociis natoque penatibus et magnis dis parturient montes, nascetur ridiculus mus. Vivamus vestibulum sagittis sapien. Cum sociis natoque penatibus et magnis dis parturient montes, nascetur ridiculus mus. Etiam vel augue.');
insert into authors (id, photo , slug, name, description) values (38, 'http://dummyimage.com/463x421.png/ff4444/ffffff', 'author-fmi-584', 'Jameson Pic', 'Vestibulum ac est lacinia nisi venenatis tristique. Fusce congue, diam id ornare imperdiet, sapien urna pretium nisl, ut volutpat sapien arcu sed augue. Aliquam erat volutpat. In congue. Etiam justo.');
insert into authors (id, photo , slug, name, description) values (39, 'http://dummyimage.com/524x581.png/ff4444/ffffff', 'author-kig-057', 'Belia MacClenan', 'Nam congue, risus semper porta volutpat, quam pede lobortis ligula, sit amet eleifend pede libero quis orci. Nullam molestie nibh in lectus. Pellentesque at nulla. Suspendisse potenti. Cras in purus eu magna vulputate luctus. Cum sociis natoque penatibus et magnis dis parturient montes, nascetur ridiculus mus. Vivamus vestibulum sagittis sapien.');
insert into authors (id, photo , slug, name, description) values (40, 'http://dummyimage.com/379x415.png/ff4444/ffffff', 'author-ooi-757', 'Rowan Wear', 'Cras non velit nec nisi vulputate nonummy. Maecenas tincidunt lacus at velit. Vivamus vel nulla eget eros elementum pellentesque. Quisque porta volutpat erat. Quisque erat eros, viverra eget, congue eget, semper rutrum, nulla. Nunc purus. Phasellus in felis. Donec semper sapien a libero. Nam dui.');
insert into authors (id, photo , slug, name, description) values (41, 'http://dummyimage.com/600x377.png/cc0000/ffffff', 'author-nfj-951', 'Petr Donisthorpe', 'Proin risus. Praesent lectus. Vestibulum quam sapien, varius ut, blandit non, interdum in, ante. Vestibulum ante ipsum primis in faucibus orci luctus et ultrices posuere cubilia Curae; Duis faucibus accumsan odio. Curabitur convallis. Duis consequat dui nec nisi volutpat eleifend. Donec ut dolor. Morbi vel lectus in quam fringilla rhoncus. Mauris enim leo, rhoncus sed, vestibulum sit amet, cursus id, turpis. Integer aliquet, massa id lobortis convallis, tortor risus dapibus augue, vel accumsan tellus nisi eu orci.');
insert into authors (id, photo , slug, name, description) values (42, 'http://dummyimage.com/309x600.png/ff4444/ffffff', 'author-ckk-934', 'Gerick Alliberton', 'Nunc rhoncus dui vel sem. Sed sagittis. Nam congue, risus semper porta volutpat, quam pede lobortis ligula, sit amet eleifend pede libero quis orci. Nullam molestie nibh in lectus. Pellentesque at nulla. Suspendisse potenti. Cras in purus eu magna vulputate luctus.');
insert into authors (id, photo , slug, name, description) values (43, 'http://dummyimage.com/401x333.png/cc0000/ffffff', 'author-bdn-895', 'Karleen Flowith', 'Morbi porttitor lorem id ligula. Suspendisse ornare consequat lectus. In est risus, auctor sed, tristique in, tempus sit amet, sem. Fusce consequat. Nulla nisl. Nunc nisl. Duis bibendum, felis sed interdum venenatis, turpis enim blandit mi, in porttitor pede justo eu massa. Donec dapibus. Duis at velit eu est congue elementum.');
insert into authors (id, photo , slug, name, description) values (44, 'http://dummyimage.com/427x526.png/5fa2dd/ffffff', 'author-pix-565', 'Pedro Edeler', 'Nullam sit amet turpis elementum ligula vehicula consequat. Morbi a ipsum. Integer a nibh. In quis justo. Maecenas rhoncus aliquam lacus. Morbi quis tortor id nulla ultrices aliquet. Maecenas leo odio, condimentum id, luctus nec, molestie sed, justo. Pellentesque viverra pede ac diam.');
insert into authors (id, photo , slug, name, description) values (45, 'http://dummyimage.com/555x427.png/5fa2dd/ffffff', 'author-gny-440', 'Sigfrid Markwick', 'Quisque ut erat. Curabitur gravida nisi at nibh. In hac habitasse platea dictumst. Aliquam augue quam, sollicitudin vitae, consectetuer eget, rutrum at, lorem. Integer tincidunt ante vel ipsum. Praesent blandit lacinia erat. Vestibulum sed magna at nunc commodo placerat. Praesent blandit. Nam nulla. Integer pede justo, lacinia eget, tincidunt eget, tempus vel, pede.');
insert into authors (id, photo , slug, name, description) values (46, 'http://dummyimage.com/344x320.png/ff4444/ffffff', 'author-jqc-428', 'Richardo Vynehall', 'In hac habitasse platea dictumst. Aliquam augue quam, sollicitudin vitae, consectetuer eget, rutrum at, lorem. Integer tincidunt ante vel ipsum. Praesent blandit lacinia erat. Vestibulum sed magna at nunc commodo placerat. Praesent blandit. Nam nulla. Integer pede justo, lacinia eget, tincidunt eget, tempus vel, pede.');
insert into authors (id, photo , slug, name, description) values (47, 'http://dummyimage.com/526x489.png/dddddd/000000', 'author-cjz-427', 'Liana Alelsandrowicz', 'Mauris enim leo, rhoncus sed, vestibulum sit amet, cursus id, turpis. Integer aliquet, massa id lobortis convallis, tortor risus dapibus augue, vel accumsan tellus nisi eu orci. Mauris lacinia sapien quis libero. Nullam sit amet turpis elementum ligula vehicula consequat. Morbi a ipsum. Integer a nibh. In quis justo. Maecenas rhoncus aliquam lacus.');
insert into authors (id, photo , slug, name, description) values (48, 'http://dummyimage.com/506x305.png/cc0000/ffffff', 'author-xlw-743', 'Maurie Benzing', 'Proin risus. Praesent lectus. Vestibulum quam sapien, varius ut, blandit non, interdum in, ante. Vestibulum ante ipsum primis in faucibus orci luctus et ultrices posuere cubilia Curae; Duis faucibus accumsan odio. Curabitur convallis. Duis consequat dui nec nisi volutpat eleifend.');
insert into authors (id, photo , slug, name, description) values (49, 'http://dummyimage.com/323x522.png/dddddd/000000', 'author-ubv-137', 'Stu Marquez', 'Suspendisse ornare consequat lectus. In est risus, auctor sed, tristique in, tempus sit amet, sem. Fusce consequat. Nulla nisl. Nunc nisl. Duis bibendum, felis sed interdum venenatis, turpis enim blandit mi, in porttitor pede justo eu massa. Donec dapibus. Duis at velit eu est congue elementum.');
insert into authors (id, photo , slug, name, description) values (50, 'http://dummyimage.com/347x445.png/5fa2dd/ffffff', 'author-cng-473', 'Cinda Pacht', 'Nam congue, risus semper porta volutpat, quam pede lobortis ligula, sit amet eleifend pede libero quis orci. Nullam molestie nibh in lectus. Pellentesque at nulla. Suspendisse potenti. Cras in purus eu magna vulputate luctus. Cum sociis natoque penatibus et magnis dis parturient montes, nascetur ridiculus mus. Vivamus vestibulum sagittis sapien.');
insert into authors (id, photo , slug, name, description) values (51, 'http://dummyimage.com/442x376.png/dddddd/000000', 'author-vbt-899', 'Cindra Bauldry', 'In hac habitasse platea dictumst. Morbi vestibulum, velit id pretium iaculis, diam erat fermentum justo, nec condimentum neque sapien placerat ante. Nulla justo. Aliquam quis turpis eget elit sodales scelerisque. Mauris sit amet eros. Suspendisse accumsan tortor quis turpis. Sed ante. Vivamus tortor. Duis mattis egestas metus.');
insert into authors (id, photo , slug, name, description) values (52, 'http://dummyimage.com/373x412.png/dddddd/000000', 'author-hyk-103', 'Octavia Gyurkovics', 'Vestibulum quam sapien, varius ut, blandit non, interdum in, ante. Vestibulum ante ipsum primis in faucibus orci luctus et ultrices posuere cubilia Curae; Duis faucibus accumsan odio. Curabitur convallis. Duis consequat dui nec nisi volutpat eleifend. Donec ut dolor. Morbi vel lectus in quam fringilla rhoncus.');
insert into authors (id, photo , slug, name, description) values (53, 'http://dummyimage.com/574x542.png/5fa2dd/ffffff', 'author-dhi-975', 'Marietta Persse', 'Fusce consequat. Nulla nisl. Nunc nisl. Duis bibendum, felis sed interdum venenatis, turpis enim blandit mi, in porttitor pede justo eu massa. Donec dapibus. Duis at velit eu est congue elementum.');
insert into authors (id, photo , slug, name, description) values (54, 'http://dummyimage.com/472x600.png/ff4444/ffffff', 'author-bly-162', 'Lucio Greenaway', 'In tempor, turpis nec euismod scelerisque, quam turpis adipiscing lorem, vitae mattis nibh ligula nec sem. Duis aliquam convallis nunc. Proin at turpis a pede posuere nonummy. Integer non velit. Donec diam neque, vestibulum eget, vulputate ut, ultrices vel, augue. Vestibulum ante ipsum primis in faucibus orci luctus et ultrices posuere cubilia Curae; Donec pharetra, magna vestibulum aliquet ultrices, erat tortor sollicitudin mi, sit amet lobortis sapien sapien non mi. Integer ac neque. Duis bibendum. Morbi non quam nec dui luctus rutrum.');
insert into authors (id, photo , slug, name, description) values (55, 'http://dummyimage.com/367x427.png/5fa2dd/ffffff', 'author-boa-998', 'Jolene Cliss', 'Duis mattis egestas metus. Aenean fermentum. Donec ut mauris eget massa tempor convallis. Nulla neque libero, convallis eget, eleifend luctus, ultricies eu, nibh. Quisque id justo sit amet sapien dignissim vestibulum. Vestibulum ante ipsum primis in faucibus orci luctus et ultrices posuere cubilia Curae; Nulla dapibus dolor vel est. Donec odio justo, sollicitudin ut, suscipit a, feugiat et, eros. Vestibulum ac est lacinia nisi venenatis tristique.');
insert into authors (id, photo , slug, name, description) values (56, 'http://dummyimage.com/553x471.png/dddddd/000000', 'author-ocn-802', 'Madlin Cordeau]', 'Nam dui. Proin leo odio, porttitor id, consequat in, consequat ut, nulla. Sed accumsan felis. Ut at dolor quis odio consequat varius. Integer ac leo. Pellentesque ultrices mattis odio. Donec vitae nisi. Nam ultrices, libero non mattis pulvinar, nulla pede ullamcorper augue, a suscipit nulla elit ac nulla. Sed vel enim sit amet nunc viverra dapibus. Nulla suscipit ligula in lacus.');
insert into authors (id, photo , slug, name, description) values (57, 'http://dummyimage.com/361x367.png/5fa2dd/ffffff', 'author-jxg-373', 'Dacia Rowcliffe', 'Maecenas tincidunt lacus at velit. Vivamus vel nulla eget eros elementum pellentesque. Quisque porta volutpat erat. Quisque erat eros, viverra eget, congue eget, semper rutrum, nulla. Nunc purus. Phasellus in felis. Donec semper sapien a libero. Nam dui. Proin leo odio, porttitor id, consequat in, consequat ut, nulla.');
insert into authors (id, photo , slug, name, description) values (58, 'http://dummyimage.com/379x431.png/dddddd/000000', 'author-awq-707', 'Zelig Hellens', 'Vestibulum ante ipsum primis in faucibus orci luctus et ultrices posuere cubilia Curae; Duis faucibus accumsan odio. Curabitur convallis. Duis consequat dui nec nisi volutpat eleifend. Donec ut dolor. Morbi vel lectus in quam fringilla rhoncus.');
insert into authors (id, photo , slug, name, description) values (59, 'http://dummyimage.com/432x417.png/ff4444/ffffff', 'author-ato-542', 'Hazel Derl', 'Cum sociis natoque penatibus et magnis dis parturient montes, nascetur ridiculus mus. Etiam vel augue. Vestibulum rutrum rutrum neque. Aenean auctor gravida sem. Praesent id massa id nisl venenatis lacinia. Aenean sit amet justo.');
insert into authors (id, photo , slug, name, description) values (60, 'http://dummyimage.com/528x584.png/dddddd/000000', 'author-icn-557', 'Constantine Walstow', 'In hac habitasse platea dictumst. Etiam faucibus cursus urna. Ut tellus. Nulla ut erat id mauris vulputate elementum. Nullam varius. Nulla facilisi. Cras non velit nec nisi vulputate nonummy. Maecenas tincidunt lacus at velit.');
insert into authors (id, photo , slug, name, description) values (61, 'http://dummyimage.com/426x389.png/dddddd/000000', 'author-eqe-185', 'Gino Ewings', 'Morbi sem mauris, laoreet ut, rhoncus aliquet, pulvinar sed, nisl. Nunc rhoncus dui vel sem. Sed sagittis. Nam congue, risus semper porta volutpat, quam pede lobortis ligula, sit amet eleifend pede libero quis orci. Nullam molestie nibh in lectus. Pellentesque at nulla. Suspendisse potenti. Cras in purus eu magna vulputate luctus. Cum sociis natoque penatibus et magnis dis parturient montes, nascetur ridiculus mus. Vivamus vestibulum sagittis sapien.');
insert into authors (id, photo , slug, name, description) values (62, 'http://dummyimage.com/394x356.png/cc0000/ffffff', 'author-idl-537', 'Drucill Lackey', 'Aenean sit amet justo. Morbi ut odio. Cras mi pede, malesuada in, imperdiet et, commodo vulputate, justo. In blandit ultrices enim. Lorem ipsum dolor sit amet, consectetuer adipiscing elit.');
insert into authors (id, photo , slug, name, description) values (63, 'http://dummyimage.com/419x548.png/ff4444/ffffff', 'author-uvf-547', 'Mareah McDowall', 'Donec quis orci eget orci vehicula condimentum. Curabitur in libero ut massa volutpat convallis. Morbi odio odio, elementum eu, interdum eu, tincidunt in, leo. Maecenas pulvinar lobortis est. Phasellus sit amet erat. Nulla tempus. Vivamus in felis eu sapien cursus vestibulum. Proin eu mi. Nulla ac enim.');
insert into authors (id, photo , slug, name, description) values (64, 'http://dummyimage.com/505x565.png/cc0000/ffffff', 'author-ujp-179', 'Derek Doughill', 'Integer aliquet, massa id lobortis convallis, tortor risus dapibus augue, vel accumsan tellus nisi eu orci. Mauris lacinia sapien quis libero. Nullam sit amet turpis elementum ligula vehicula consequat. Morbi a ipsum. Integer a nibh. In quis justo. Maecenas rhoncus aliquam lacus. Morbi quis tortor id nulla ultrices aliquet. Maecenas leo odio, condimentum id, luctus nec, molestie sed, justo.');
insert into authors (id, photo , slug, name, description) values (65, 'http://dummyimage.com/469x393.png/ff4444/ffffff', 'author-ymm-501', 'Richy Rose', 'Quisque porta volutpat erat. Quisque erat eros, viverra eget, congue eget, semper rutrum, nulla. Nunc purus. Phasellus in felis. Donec semper sapien a libero. Nam dui. Proin leo odio, porttitor id, consequat in, consequat ut, nulla. Sed accumsan felis.');
insert into authors (id, photo , slug, name, description) values (66, 'http://dummyimage.com/408x308.png/ff4444/ffffff', 'author-mrx-728', 'Miner ducarme', 'Nulla neque libero, convallis eget, eleifend luctus, ultricies eu, nibh. Quisque id justo sit amet sapien dignissim vestibulum. Vestibulum ante ipsum primis in faucibus orci luctus et ultrices posuere cubilia Curae; Nulla dapibus dolor vel est. Donec odio justo, sollicitudin ut, suscipit a, feugiat et, eros. Vestibulum ac est lacinia nisi venenatis tristique. Fusce congue, diam id ornare imperdiet, sapien urna pretium nisl, ut volutpat sapien arcu sed augue.');
insert into authors (id, photo , slug, name, description) values (67, 'http://dummyimage.com/414x447.png/ff4444/ffffff', 'author-vrk-466', 'Mal Pasmore', 'Duis bibendum, felis sed interdum venenatis, turpis enim blandit mi, in porttitor pede justo eu massa. Donec dapibus. Duis at velit eu est congue elementum. In hac habitasse platea dictumst. Morbi vestibulum, velit id pretium iaculis, diam erat fermentum justo, nec condimentum neque sapien placerat ante. Nulla justo. Aliquam quis turpis eget elit sodales scelerisque.');
insert into authors (id, photo , slug, name, description) values (68, 'http://dummyimage.com/438x524.png/5fa2dd/ffffff', 'author-mum-122', 'Bat Rogger', 'Nullam varius. Nulla facilisi. Cras non velit nec nisi vulputate nonummy. Maecenas tincidunt lacus at velit. Vivamus vel nulla eget eros elementum pellentesque. Quisque porta volutpat erat. Quisque erat eros, viverra eget, congue eget, semper rutrum, nulla. Nunc purus. Phasellus in felis. Donec semper sapien a libero.');
insert into authors (id, photo , slug, name, description) values (69, 'http://dummyimage.com/574x483.png/ff4444/ffffff', 'author-lyc-624', 'Jerrilee Mowen', 'Praesent lectus. Vestibulum quam sapien, varius ut, blandit non, interdum in, ante. Vestibulum ante ipsum primis in faucibus orci luctus et ultrices posuere cubilia Curae; Duis faucibus accumsan odio. Curabitur convallis. Duis consequat dui nec nisi volutpat eleifend. Donec ut dolor. Morbi vel lectus in quam fringilla rhoncus.');
insert into authors (id, photo , slug, name, description) values (70, 'http://dummyimage.com/461x305.png/cc0000/ffffff', 'author-ilr-097', 'Kile Accombe', 'Donec diam neque, vestibulum eget, vulputate ut, ultrices vel, augue. Vestibulum ante ipsum primis in faucibus orci luctus et ultrices posuere cubilia Curae; Donec pharetra, magna vestibulum aliquet ultrices, erat tortor sollicitudin mi, sit amet lobortis sapien sapien non mi. Integer ac neque. Duis bibendum. Morbi non quam nec dui luctus rutrum. Nulla tellus.');
insert into authors (id, photo , slug, name, description) values (71, 'http://dummyimage.com/416x540.png/ff4444/ffffff', 'author-tzf-510', 'Merridie Hartzog', 'Proin interdum mauris non ligula pellentesque ultrices. Phasellus id sapien in sapien iaculis congue. Vivamus metus arcu, adipiscing molestie, hendrerit at, vulputate vitae, nisl. Aenean lectus. Pellentesque eget nunc. Donec quis orci eget orci vehicula condimentum. Curabitur in libero ut massa volutpat convallis.');
insert into authors (id, photo , slug, name, description) values (72, 'http://dummyimage.com/535x319.png/dddddd/000000', 'author-bzg-555', 'Karole Draysey', 'Maecenas tincidunt lacus at velit. Vivamus vel nulla eget eros elementum pellentesque. Quisque porta volutpat erat. Quisque erat eros, viverra eget, congue eget, semper rutrum, nulla. Nunc purus. Phasellus in felis. Donec semper sapien a libero. Nam dui.');
insert into authors (id, photo , slug, name, description) values (73, 'http://dummyimage.com/397x439.png/cc0000/ffffff', 'author-ozt-222', 'Catrina Engley', 'Aenean sit amet justo. Morbi ut odio. Cras mi pede, malesuada in, imperdiet et, commodo vulputate, justo. In blandit ultrices enim. Lorem ipsum dolor sit amet, consectetuer adipiscing elit. Proin interdum mauris non ligula pellentesque ultrices. Phasellus id sapien in sapien iaculis congue. Vivamus metus arcu, adipiscing molestie, hendrerit at, vulputate vitae, nisl.');
insert into authors (id, photo , slug, name, description) values (74, 'http://dummyimage.com/554x401.png/ff4444/ffffff', 'author-uwn-113', 'Moishe Tinn', 'Curabitur gravida nisi at nibh. In hac habitasse platea dictumst. Aliquam augue quam, sollicitudin vitae, consectetuer eget, rutrum at, lorem. Integer tincidunt ante vel ipsum. Praesent blandit lacinia erat. Vestibulum sed magna at nunc commodo placerat.');
insert into authors (id, photo , slug, name, description) values (75, 'http://dummyimage.com/319x341.png/dddddd/000000', 'author-ual-043', 'Esther Oulet', 'Phasellus in felis. Donec semper sapien a libero. Nam dui. Proin leo odio, porttitor id, consequat in, consequat ut, nulla. Sed accumsan felis. Ut at dolor quis odio consequat varius. Integer ac leo. Pellentesque ultrices mattis odio.');
insert into authors (id, photo , slug, name, description) values (76, 'http://dummyimage.com/426x521.png/dddddd/000000', 'author-mqb-336', 'Alister Simkovich', 'Quisque porta volutpat erat. Quisque erat eros, viverra eget, congue eget, semper rutrum, nulla. Nunc purus. Phasellus in felis. Donec semper sapien a libero.');
insert into authors (id, photo , slug, name, description) values (77, 'http://dummyimage.com/342x440.png/ff4444/ffffff', 'author-gpy-412', 'Grace Hadye', 'In hac habitasse platea dictumst. Maecenas ut massa quis augue luctus tincidunt. Nulla mollis molestie lorem. Quisque ut erat. Curabitur gravida nisi at nibh. In hac habitasse platea dictumst. Aliquam augue quam, sollicitudin vitae, consectetuer eget, rutrum at, lorem.');
insert into authors (id, photo , slug, name, description) values (78, 'http://dummyimage.com/595x465.png/cc0000/ffffff', 'author-rph-423', 'Cristine Vittet', 'Aenean auctor gravida sem. Praesent id massa id nisl venenatis lacinia. Aenean sit amet justo. Morbi ut odio. Cras mi pede, malesuada in, imperdiet et, commodo vulputate, justo. In blandit ultrices enim. Lorem ipsum dolor sit amet, consectetuer adipiscing elit.');
insert into authors (id, photo , slug, name, description) values (79, 'http://dummyimage.com/475x558.png/ff4444/ffffff', 'author-vnm-293', 'Paten Gallihaulk', 'Etiam justo. Etiam pretium iaculis justo. In hac habitasse platea dictumst. Etiam faucibus cursus urna. Ut tellus. Nulla ut erat id mauris vulputate elementum. Nullam varius. Nulla facilisi. Cras non velit nec nisi vulputate nonummy. Maecenas tincidunt lacus at velit.');
insert into authors (id, photo , slug, name, description) values (80, 'http://dummyimage.com/338x321.png/dddddd/000000', 'author-vfa-993', 'Sancho Donegan', 'Morbi non quam nec dui luctus rutrum. Nulla tellus. In sagittis dui vel nisl. Duis ac nibh. Fusce lacus purus, aliquet at, feugiat non, pretium quis, lectus. Suspendisse potenti. In eleifend quam a odio. In hac habitasse platea dictumst. Maecenas ut massa quis augue luctus tincidunt.');
insert into authors (id, photo , slug, name, description) values (81, 'http://dummyimage.com/489x469.png/5fa2dd/ffffff', 'author-pui-104', 'Gay Spoerl', 'Pellentesque at nulla. Suspendisse potenti. Cras in purus eu magna vulputate luctus. Cum sociis natoque penatibus et magnis dis parturient montes, nascetur ridiculus mus. Vivamus vestibulum sagittis sapien. Cum sociis natoque penatibus et magnis dis parturient montes, nascetur ridiculus mus. Etiam vel augue.');
insert into authors (id, photo , slug, name, description) values (82, 'http://dummyimage.com/490x306.png/dddddd/000000', 'author-ggp-581', 'Rozanna Caple', 'Vestibulum ante ipsum primis in faucibus orci luctus et ultrices posuere cubilia Curae; Donec pharetra, magna vestibulum aliquet ultrices, erat tortor sollicitudin mi, sit amet lobortis sapien sapien non mi. Integer ac neque. Duis bibendum. Morbi non quam nec dui luctus rutrum. Nulla tellus. In sagittis dui vel nisl. Duis ac nibh. Fusce lacus purus, aliquet at, feugiat non, pretium quis, lectus.');
insert into authors (id, photo , slug, name, description) values (83, 'http://dummyimage.com/437x497.png/5fa2dd/ffffff', 'author-wjy-248', 'Sterling Blackler', 'Nullam varius. Nulla facilisi. Cras non velit nec nisi vulputate nonummy. Maecenas tincidunt lacus at velit. Vivamus vel nulla eget eros elementum pellentesque. Quisque porta volutpat erat. Quisque erat eros, viverra eget, congue eget, semper rutrum, nulla. Nunc purus. Phasellus in felis.');
insert into authors (id, photo , slug, name, description) values (84, 'http://dummyimage.com/598x448.png/5fa2dd/ffffff', 'author-dgk-611', 'Levey Jewise', 'Fusce consequat. Nulla nisl. Nunc nisl. Duis bibendum, felis sed interdum venenatis, turpis enim blandit mi, in porttitor pede justo eu massa. Donec dapibus. Duis at velit eu est congue elementum.');
insert into authors (id, photo , slug, name, description) values (85, 'http://dummyimage.com/506x576.png/cc0000/ffffff', 'author-oyu-763', 'Adrianne Titchen', 'Curabitur gravida nisi at nibh. In hac habitasse platea dictumst. Aliquam augue quam, sollicitudin vitae, consectetuer eget, rutrum at, lorem. Integer tincidunt ante vel ipsum. Praesent blandit lacinia erat.');
insert into authors (id, photo , slug, name, description) values (86, 'http://dummyimage.com/385x506.png/5fa2dd/ffffff', 'author-zzu-300', 'Marty Jest', 'Nam nulla. Integer pede justo, lacinia eget, tincidunt eget, tempus vel, pede. Morbi porttitor lorem id ligula. Suspendisse ornare consequat lectus. In est risus, auctor sed, tristique in, tempus sit amet, sem. Fusce consequat.');
insert into authors (id, photo , slug, name, description) values (87, 'http://dummyimage.com/457x327.png/cc0000/ffffff', 'author-gsp-300', 'Tyrus Patterfield', 'Suspendisse potenti. In eleifend quam a odio. In hac habitasse platea dictumst. Maecenas ut massa quis augue luctus tincidunt. Nulla mollis molestie lorem. Quisque ut erat. Curabitur gravida nisi at nibh. In hac habitasse platea dictumst.');
insert into authors (id, photo , slug, name, description) values (88, 'http://dummyimage.com/549x465.png/5fa2dd/ffffff', 'author-erw-776', 'Tiff Biner', 'Integer a nibh. In quis justo. Maecenas rhoncus aliquam lacus. Morbi quis tortor id nulla ultrices aliquet. Maecenas leo odio, condimentum id, luctus nec, molestie sed, justo. Pellentesque viverra pede ac diam. Cras pellentesque volutpat dui. Maecenas tristique, est et tempus semper, est quam pharetra magna, ac consequat metus sapien ut nunc.');
insert into authors (id, photo , slug, name, description) values (89, 'http://dummyimage.com/464x414.png/ff4444/ffffff', 'author-xoa-905', 'Selina Widd', 'Nullam porttitor lacus at turpis. Donec posuere metus vitae ipsum. Aliquam non mauris. Morbi non lectus. Aliquam sit amet diam in magna bibendum imperdiet.');
insert into authors (id, photo , slug, name, description) values (90, 'http://dummyimage.com/472x506.png/ff4444/ffffff', 'author-emk-155', 'Katharyn Brainsby', 'Integer aliquet, massa id lobortis convallis, tortor risus dapibus augue, vel accumsan tellus nisi eu orci. Mauris lacinia sapien quis libero. Nullam sit amet turpis elementum ligula vehicula consequat. Morbi a ipsum. Integer a nibh. In quis justo. Maecenas rhoncus aliquam lacus. Morbi quis tortor id nulla ultrices aliquet. Maecenas leo odio, condimentum id, luctus nec, molestie sed, justo.');
insert into authors (id, photo , slug, name, description) values (91, 'http://dummyimage.com/357x402.png/dddddd/000000', 'author-oiw-724', 'Stevy Franchyonok', 'Pellentesque at nulla. Suspendisse potenti. Cras in purus eu magna vulputate luctus. Cum sociis natoque penatibus et magnis dis parturient montes, nascetur ridiculus mus. Vivamus vestibulum sagittis sapien. Cum sociis natoque penatibus et magnis dis parturient montes, nascetur ridiculus mus. Etiam vel augue. Vestibulum rutrum rutrum neque. Aenean auctor gravida sem. Praesent id massa id nisl venenatis lacinia.');
insert into authors (id, photo , slug, name, description) values (92, 'http://dummyimage.com/353x421.png/ff4444/ffffff', 'author-lit-193', 'Coretta Vint', 'Quisque porta volutpat erat. Quisque erat eros, viverra eget, congue eget, semper rutrum, nulla. Nunc purus. Phasellus in felis. Donec semper sapien a libero. Nam dui. Proin leo odio, porttitor id, consequat in, consequat ut, nulla. Sed accumsan felis.');
insert into authors (id, photo , slug, name, description) values (93, 'http://dummyimage.com/560x454.png/cc0000/ffffff', 'author-lil-267', 'Chickie Whickman', 'In congue. Etiam justo. Etiam pretium iaculis justo. In hac habitasse platea dictumst. Etiam faucibus cursus urna. Ut tellus. Nulla ut erat id mauris vulputate elementum. Nullam varius. Nulla facilisi.');
insert into authors (id, photo , slug, name, description) values (94, 'http://dummyimage.com/309x418.png/5fa2dd/ffffff', 'author-qmf-667', 'Gerrilee Shortan', 'Fusce congue, diam id ornare imperdiet, sapien urna pretium nisl, ut volutpat sapien arcu sed augue. Aliquam erat volutpat. In congue. Etiam justo. Etiam pretium iaculis justo.');
insert into authors (id, photo , slug, name, description) values (95, 'http://dummyimage.com/421x471.png/dddddd/000000', 'author-lgh-942', 'Damita Woolf', 'Morbi vestibulum, velit id pretium iaculis, diam erat fermentum justo, nec condimentum neque sapien placerat ante. Nulla justo. Aliquam quis turpis eget elit sodales scelerisque. Mauris sit amet eros. Suspendisse accumsan tortor quis turpis. Sed ante. Vivamus tortor. Duis mattis egestas metus.');
insert into authors (id, photo , slug, name, description) values (96, 'http://dummyimage.com/512x524.png/ff4444/ffffff', 'author-weg-766', 'Thor Grayland', 'Aenean auctor gravida sem. Praesent id massa id nisl venenatis lacinia. Aenean sit amet justo. Morbi ut odio. Cras mi pede, malesuada in, imperdiet et, commodo vulputate, justo. In blandit ultrices enim. Lorem ipsum dolor sit amet, consectetuer adipiscing elit.');
insert into authors (id, photo , slug, name, description) values (97, 'http://dummyimage.com/595x372.png/ff4444/ffffff', 'author-zxy-778', 'Mischa Haith', 'Proin risus. Praesent lectus. Vestibulum quam sapien, varius ut, blandit non, interdum in, ante. Vestibulum ante ipsum primis in faucibus orci luctus et ultrices posuere cubilia Curae; Duis faucibus accumsan odio. Curabitur convallis.');
insert into authors (id, photo , slug, name, description) values (98, 'http://dummyimage.com/497x597.png/cc0000/ffffff', 'author-uez-686', 'Stanislaus Longthorn', 'Nullam molestie nibh in lectus. Pellentesque at nulla. Suspendisse potenti. Cras in purus eu magna vulputate luctus. Cum sociis natoque penatibus et magnis dis parturient montes, nascetur ridiculus mus.');
insert into authors (id, photo , slug, name, description) values (99, 'http://dummyimage.com/525x578.png/cc0000/ffffff', 'author-pzz-134', 'Julie Lamplough', 'In hac habitasse platea dictumst. Maecenas ut massa quis augue luctus tincidunt. Nulla mollis molestie lorem. Quisque ut erat. Curabitur gravida nisi at nibh.');
insert into authors (id, photo , slug, name, description) values (100, 'http://dummyimage.com/388x446.png/5fa2dd/ffffff', 'author-blm-985', 'Liana Frake', 'Morbi non lectus. Aliquam sit amet diam in magna bibendum imperdiet. Nullam orci pede, venenatis non, sodales sed, tincidunt eu, felis. Fusce posuere felis sed lacus. Morbi sem mauris, laoreet ut, rhoncus aliquet, pulvinar sed, nisl. Nunc rhoncus dui vel sem. Sed sagittis.');

insert into book2author (id, book_id, author_id) values (1,1,1);
insert into book2author (id, book_id, author_id) values (2,2,2);
insert into book2author (id, book_id, author_id) values (3,3,3);
insert into book2author (id, book_id, author_id) values (4,4,4);
insert into book2author (id, book_id, author_id) values (5,5,5);
insert into book2author (id, book_id, author_id) values (6,6,6);
insert into book2author (id, book_id, author_id) values (7,7,7);
insert into book2author (id, book_id, author_id) values (8,8,8);
insert into book2author (id, book_id, author_id) values (9,9,9);
insert into book2author (id, book_id, author_id) values (10,10,10);
insert into book2author (id, book_id, author_id) values (11,11,11);
insert into book2author (id, book_id, author_id) values (12,12,12);
insert into book2author (id, book_id, author_id) values (13,13,13);
insert into book2author (id, book_id, author_id) values (14,14,14);
insert into book2author (id, book_id, author_id) values (15,15,15);
insert into book2author (id, book_id, author_id) values (16,16,16);
insert into book2author (id, book_id, author_id) values (17,17,17);
insert into book2author (id, book_id, author_id) values (18,18,18);
insert into book2author (id, book_id, author_id) values (19,19,19);
insert into book2author (id, book_id, author_id) values (20,20,20);
insert into book2author (id, book_id, author_id) values (21,21,21);
insert into book2author (id, book_id, author_id) values (22,22,22);
insert into book2author (id, book_id, author_id) values (23,23,23);
insert into book2author (id, book_id, author_id) values (24,24,24);
insert into book2author (id, book_id, author_id) values (25,25,25);
insert into book2author (id, book_id, author_id) values (26,26,26);
insert into book2author (id, book_id, author_id) values (27,27,27);
insert into book2author (id, book_id, author_id) values (28,28,28);
insert into book2author (id, book_id, author_id) values (29,29,29);
insert into book2author (id, book_id, author_id) values (30,30,30);
insert into book2author (id, book_id, author_id) values (31,31,31);
insert into book2author (id, book_id, author_id) values (32,32,32);
insert into book2author (id, book_id, author_id) values (33,33,33);
insert into book2author (id, book_id, author_id) values (34,34,34);
insert into book2author (id, book_id, author_id) values (35,35,35);
insert into book2author (id, book_id, author_id) values (36,36,36);
insert into book2author (id, book_id, author_id) values (37,37,37);
insert into book2author (id, book_id, author_id) values (38,38,38);
insert into book2author (id, book_id, author_id) values (39,39,39);
insert into book2author (id, book_id, author_id) values (40,40,40);
insert into book2author (id, book_id, author_id) values (41,41,41);
insert into book2author (id, book_id, author_id) values (42,42,42);
insert into book2author (id, book_id, author_id) values (43,43,43);
insert into book2author (id, book_id, author_id) values (44,44,44);
insert into book2author (id, book_id, author_id) values (45,45,45);
insert into book2author (id, book_id, author_id) values (46,46,46);
insert into book2author (id, book_id, author_id) values (47,47,47);
insert into book2author (id, book_id, author_id) values (48,48,48);
insert into book2author (id, book_id, author_id) values (49,49,49);
insert into book2author (id, book_id, author_id) values (50,50,50);
insert into book2author (id, book_id, author_id) values (51,51,51);
insert into book2author (id, book_id, author_id) values (52,52,52);
insert into book2author (id, book_id, author_id) values (53,53,53);
insert into book2author (id, book_id, author_id) values (54,54,54);
insert into book2author (id, book_id, author_id) values (55,55,55);
insert into book2author (id, book_id, author_id) values (56,56,56);
insert into book2author (id, book_id, author_id) values (57,57,57);
insert into book2author (id, book_id, author_id) values (58,58,58);
insert into book2author (id, book_id, author_id) values (59,59,59);
insert into book2author (id, book_id, author_id) values (60,60,60);
insert into book2author (id, book_id, author_id) values (61,61,61);
insert into book2author (id, book_id, author_id) values (62,62,62);
insert into book2author (id, book_id, author_id) values (63,63,63);
insert into book2author (id, book_id, author_id) values (64,64,64);
insert into book2author (id, book_id, author_id) values (65,65,65);
insert into book2author (id, book_id, author_id) values (66,66,66);
insert into book2author (id, book_id, author_id) values (67,67,67);
insert into book2author (id, book_id, author_id) values (68,68,68);
insert into book2author (id, book_id, author_id) values (69,69,69);
insert into book2author (id, book_id, author_id) values (70,70,70);
insert into book2author (id, book_id, author_id) values (71,71,71);
insert into book2author (id, book_id, author_id) values (72,72,72);
insert into book2author (id, book_id, author_id) values (73,73,73);
insert into book2author (id, book_id, author_id) values (74,74,74);
insert into book2author (id, book_id, author_id) values (75,75,75);
insert into book2author (id, book_id, author_id) values (76,76,76);
insert into book2author (id, book_id, author_id) values (77,77,77);
insert into book2author (id, book_id, author_id) values (78,78,78);
insert into book2author (id, book_id, author_id) values (79,79,79);
insert into book2author (id, book_id, author_id) values (80,80,80);
insert into book2author (id, book_id, author_id) values (81,81,81);
insert into book2author (id, book_id, author_id) values (82,82,82);
insert into book2author (id, book_id, author_id) values (83,83,83);
insert into book2author (id, book_id, author_id) values (84,84,84);
insert into book2author (id, book_id, author_id) values (85,85,85);
insert into book2author (id, book_id, author_id) values (86,86,86);
insert into book2author (id, book_id, author_id) values (87,87,87);
insert into book2author (id, book_id, author_id) values (88,88,88);
insert into book2author (id, book_id, author_id) values (89,89,89);
insert into book2author (id, book_id, author_id) values (90,90,90);
insert into book2author (id, book_id, author_id) values (91,91,91);
insert into book2author (id, book_id, author_id) values (92,92,92);
insert into book2author (id, book_id, author_id) values (93,93,93);
insert into book2author (id, book_id, author_id) values (94,94,94);
insert into book2author (id, book_id, author_id) values (95,95,95);
insert into book2author (id, book_id, author_id) values (96,96,96);
insert into book2author (id, book_id, author_id) values (97,97,97);
insert into book2author (id, book_id, author_id) values (98,98,98);
insert into book2author (id, book_id, author_id) values (99,99,99);
insert into book2author (id, book_id, author_id) values (100,100,100);